Entity / Component,Category,Sub-Category,Key Characteristics & Etiology,Primary Mechanism & Pathogenesis,Clinical Manifestations & Associations,Diagnostic Markers & Lab Tests
Type 1 Diabetes Mellitus (T1DM),Endocrinology,Glucose & Pancreatic Disorders,Autoimmune destruction of pancreatic beta cells; absolute insulin deficiency; strong HLA-DR3 / HLA-DR4 association; typical onset in children and young adults.,"Loss of beta cells eliminates endogenously secreted insulin, preventing cellular glucose uptake via GLUT4 and removing inhibition on gluconeogenesis, glycogenolysis, and lipolysis.","Polyuria, polydipsia, polyphagia, rapid weight loss, lethargy, ketoacidosis propensity, microvascular (retinopathy, nephropathy, neuropathy) and macrovascular complications.","Fasting Plasma Glucose >= 7.0 mmol/L (126 mg/dL); Random Glucose >= 11.1 mmol/L (200 mg/dL) + symptoms; HbA1c >= 6.5%; undetectable/low C-peptide; positive Anti-GAD, IA-2, or ICA autoantibodies."
Type 2 Diabetes Mellitus (T2DM),Endocrinology,Glucose & Pancreatic Disorders,"Progressive combination of insulin resistance in peripheral tissues (skeletal muscle, liver, adipose) and relative insulin secretory defect; strongly linked to obesity and metabolic syndrome.",Insulin receptor signaling impairment reduces GLUT4 translocation; compensatory hyperinsulinemia initially maintains euglycemia until beta cell exhaustion occurs.,"Insidious onset, acanthosis nigricans, central obesity, fatigue, frequent infections, microvascular and macrovascular complications, hyperosmolar hyperglycemic propensity.",Fasting Plasma Glucose >= 7.0 mmol/L; 2-hour OGTT >= 11.1 mmol/L; HbA1c >= 6.5%; preserved or elevated C-peptide; negative islet autoantibodies.
Diabetic Ketoacidosis (DKA),Endocrinology,Acute Endocrine Emergencies,"Life-threatening emergency predominantly in T1DM; triggered by infection (pneumonia, UTI), insulin omission, or new-onset diabetes; characterized by absolute insulin lack and excess counter-regulatory hormones.","Unopposed lipolysis releases free fatty acids into circulation, which undergo hepatic beta-oxidation into ketone bodies (acetoacetate, beta-hydroxybutyrate), causing anion gap metabolic acidosis.","Abdominal pain, nausea, vomiting, profound dehydration, Kussmaul (deep/acidotic) respirations, acetone (fruity) breath odor, hypotension, altered mental status/coma.",Random blood glucose >= 11 mmol/L (> 200-250 mg/dL); arterial/venous pH < 7.3; serum HCO3 < 15 mmol/L; elevated blood/urine ketones (>= 2+); high anion gap (> 12 mEq/L).
Hyperglycaemic Hyperosmolar State (HHS),Endocrinology,Acute Endocrine Emergencies,"Severe metabolic emergency primarily in elderly T2DM patients; triggered by acute illness, infection, MI, stroke, or inadequate fluid intake; extreme dehydration and hyperosmolality.","Residual endogenous insulin suppresses lipolysis and ketogenesis, preventing DKA, but is insufficient to suppress hepatic glucose production, causing profound osmotic diuresis.","Insidious onset over days to weeks, severe lethargy, confusion, focal neurological deficits, seizures, coma, extreme dehydration (dry mucous membranes, delayed turgor), high thrombotic risk.",Severe hyperglycemia (blood glucose > 30 mmol/L / > 600 mg/dL); serum osmolality > 320 mOsm/kg; arterial pH > 7.3; serum HCO3 > 15 mmol/L; absent or minimal ketonemia.
Hypoglycemia & Hypoglycemic Coma,Endocrinology,Acute Endocrine Emergencies,"Plasma glucose level low enough to cause brain energy deprivation; caused by sulfonylureas, insulin overdose, missed meals, strenuous exercise, or renal impairment.","Neuroglycopenia impairs CNS function while falling glucose triggers autonomic (sympathetic) counter-regulatory release of epinephrine, glucagon, cortisol, and growth hormone.","Autonomic signs: diaphoresis, tremors, tachycardia, anxiety, hunger. Neuroglycopenic signs: confusion, dizziness, visual disturbances, seizures, coma.","Plasma glucose < 3.0-3.9 mmol/L (< 55-70 mg/dL); Whipple's triad (symptoms of hypoglycemia, documented low blood glucose, relief of symptoms upon glucose administration)."
Graves' Disease (Thyrotoxicosis),Endocrinology,Thyroid Disorders,Most common cause of hyperthyroidism; autoimmune disorder with female predominance (8:1); linked to HLA-DR3 and HLA-B8.,"Thyroid-stimulating hormone receptor autoantibodies (TRAb / TSH-R-Ab) continuously bind to and activate TSH receptors on thyroid follicular cells, stimulating unregulated T3/T4 synthesis and release.","Heat intolerance, weight loss despite increased appetite, palpitations, fine resting tremor, frequent bowel movements, diffuse smooth goiter with bruit, exophthalmos/pretibial myxedema.",Suppressed TSH (< 0.05 mIU/L); elevated Free T4 and Free T3; positive TRAb (TSH receptor antibodies); diffuse increased radionuclide uptake on iodine-131 scan.
Thyroid Storm (Thyrotoxic Crisis),Endocrinology,Acute Endocrine Emergencies,"Extreme, life-threatening hypermetabolic manifestation of thyrotoxicosis; triggered by trauma, infection, surgery, parturition, or abrupt discontinuation of antithyroid medications.","Massive, acute surge in free thyroid hormone availability combined with heightened target tissue sensitivity to catecholamines causes hyperadrenergic collapse.","Hyperpyrexia (fever > 38.5-40 C), severe tachycardia or atrial fibrillation, delirium, agitation, nausea, vomiting, jaundice, high-output heart failure, shock.",Markedly suppressed TSH with dramatically elevated Free T4/T3; clinical scoring via Burch-Wartofsky scale; leucocytosis; elevated liver function tests.
Primary Hypothyroidism (Hashimoto's Thyroiditis),Endocrinology,Thyroid Disorders,Most common cause of hypothyroidism in iodine-sufficient regions; chronic autoimmune thyroiditis marked by lymphocytic infiltration and follicular destruction.,"Autoimmune destruction of thyroid gland parenchyma leads to reduced thyroid hormone synthesis, triggering compensatory increase in anterior pituitary TSH secretion via negative feedback.","Cold intolerance, weight gain, fatigue, constipation, dry skin, coarse hair, periorbital puffiness, voice hoarseness, delayed relaxation of deep tendon reflexes, menorrhagia.",Elevated serum TSH (> 4.5-10 mIU/L); reduced Free T4; positive anti-thyroperoxidase (anti-TPO) and anti-thyroglobulin (anti-Tg) autoantibodies; diffuse heterogeneous echo on ultrasound.
Myxedema Coma,Endocrinology,Acute Endocrine Emergencies,"End-stage, severe, life-threatening complication of uncorrected hypothyroidism; triggered by cold exposure, systemic infection, sedatives, stroke, or MI in hypothyroid patients.","Profound thyroid hormone deficit leads to failure of cell thermogenesis, generalized hypometabolism, cellular edema (mucopolysaccharide deposition), and cardiovascular depression.","Hypothermia (< 35 C), profound bradycardia, hypoventilation (hypercapnia), altered mental status/coma, hypotension, generalized non-pitting periorbital and pretibial edema.","Dramatically elevated TSH with undetectable or near-zero Free T4; arterial blood gas showing respiratory acidosis (high PaCO2, low PaO2); severe hyponatremia; hypoglycemia."
Subacute (de Quervain's) Thyroiditis,Endocrinology,Thyroid Disorders,"Post-viral inflammatory thyroid disorder; typically follows upper respiratory tract viral infection (Coxsackievirus, influenza, adenovirus); HLA-B35 association.","Viral-induced granulomatous inflammation damages thyroid follicles, releasing preformed stored colloid into circulation (transient thyrotoxicosis), followed by transient hypothyroidism.","Painful, tender thyroid goiter radiating to jaw or ears, fever, fatigue, transient thyrotoxic symptoms followed by self-limiting hypothyroid phase.",Markedly elevated ESR (> 50-100 mm/hr) and CRP; transient high Free T4 with suppressed TSH; low/suppressed radioiodine (I-131) uptake (< 1-2%).
Cushing's Syndrome & Disease,Endocrinology,Adrenal & Pituitary Disorders,State of chronic hypercortisolism. Cushing's Disease refers specifically to ACTH-secreting pituitary microadenoma; ACTH-independent causes include adrenal adenomas and exogenous steroids.,"Excess glucocorticoids bind to glucocorticoid receptors, stimulating gluconeogenesis, muscle catabolism, subcutaneous fat redistribution, mineralocorticoid cross-reactivity, and immune suppression.","Truncal obesity, moon face, buffalo hump, purple abdominal striae, proximal muscle weakness, hypertension, hyperglycemia, osteoporosis, easy bruising, hirsutism.",Elevated 24-hr urinary free cortisol; unsuppressed cortisol after 1 mg Overnight Low-Dose Dexamethasone Suppression Test (LDDST); High-Dose Dexamethasone test suppresses pituitary ACTH (Cushing's Disease).
Primary Hyperaldosteronism (Conn's Syndrome),Endocrinology,Adrenal & Pituitary Disorders,"Autonomous, unregulated excess secretion of aldosterone from adrenal cortex (solitary adrenal adenoma or bilateral adrenal hyperplasia).","Aldosterone activates mineralocorticoid receptors in renal cortical collecting duct principal cells, upregulating ENaC channels and Na+/K+-ATPase, causing Na+ retention, volume expansion, and K+/H+ wasting.","Refractory hypertension, muscle weakness, cramps, fatigue, paresthesias, polyuria/polydipsia (due to hypokalemia-induced nephrogenic diabetes insipidus); absence of peripheral edema due to aldosterone escape.",Hypokalemia (< 3.5 mmol/L); elevated plasma aldosterone concentration (PAC) with suppressed plasma renin activity (PRA); Aldosterone-to-Renin Ratio (ARR) > 20-30; high urinary aldosterone after saline load.
Adrenal Insufficiency & Addisonian Crisis,Endocrinology,Adrenal & Pituitary Disorders,"Primary adrenal insufficiency (Addison's) involves autoimmune destruction of all adrenal cortical zones; Addisonian Crisis is an acute, life-threatening decompensation triggered by stress, infection, or trauma.",Deficiency of cortisol (impaired vascular tone and gluconeogenesis) and aldosterone (renal Na+ wasting and K+ retention); elevated POMC cleavage yields excess ACTH and MSH.,"Addison's: fatigue, weight loss, postural hypotension, hyperpigmentation (skin creases, buccal mucosa). Crisis: hypovolemic shock, severe abdominal pain, high fever, vomiting, confusion.","Hyponatremia, hyperkalemia, hypoglycemia, elevated BUN/creatinine; morning cortisol < 3 ug/dL; unsuppressed plasma ACTH (> 100 pg/mL in primary); failed short Synacthen (cosyntropin) stimulation test."
Pheochromocytoma,Endocrinology,Adrenal & Pituitary Disorders,"Rare catecholamine-secreting tumor derived from chromaffin cells of the adrenal medulla (10% rule: 10% bilateral, 10% extra-adrenal, 10% malignant); associated with MEN2, VHL, NF1.",Episodic or continuous secretion of norepinephrine and epinephrine activates vascular alpha-1 receptors (intense vasoconstriction) and cardiac beta-1 receptors (positive inotropy/chronotropy).,"Classic triad: paroxysmal severe headache, profuse diaphoresis, and tachycardia/palpitations; accompanied by paroxysmal or sustained severe hypertension, tremor, anxiety.",Elevated 24-hour urinary fractionated metanephrines and normetanephrines; elevated plasma free metanephrines; CT/MRI abdomen demonstrating adrenal mass; MIBG scan for extra-adrenal localization.
Acromegaly,Endocrinology,Adrenal & Pituitary Disorders,"Chronic hypersecretion of Growth Hormone (GH) occurring post-epiphyseal plate closure, almost exclusively caused by a somatotroph pituitary macroadenoma.","Excess pituitary GH stimulates hepatic synthesis and secretion of Insulin-like Growth Factor-1 (IGF-1), driving somatic growth, soft tissue proliferation, cartilage growth, and insulin resistance.","Enlargement of hands and feet (increased shoe/ring size), coarsening of facial features, prognathism, macroglossia, deep voice, carpel tunnel syndrome, bitemporal hemianopia, secondary diabetes.",Elevated serum IGF-1 (initial screening test of choice); failure to suppress serum GH to < 1 ug/L following a 75g Oral Glucose Tolerance Test (OGTT); pituitary MRI demonstrating adenoma.
Metformin (Biguanide),Endocrinology,Endocrine Pharmacology,First-line oral antidiabetic drug for Type 2 Diabetes Mellitus; non-hypoglycemic agent; weight-neutral or promotes modest weight loss.,"Activates AMP-activated protein kinase (AMPK), decreasing hepatic gluconeogenesis and glycogenolysis, increasing intestinal glucose absorption, and enhancing peripheral insulin sensitivity.","First-line T2DM therapy; reduces cardiovascular risk; common side effects include GI upset (diarrhea, nausea, bloating) and Vitamin B12 deficiency; rare risk of lactic acidosis.",eGFR monitoring required (contraindicated or dose-reduced if eGFR < 30 mL/min/1.73m2); periodic plasma Vitamin B12 levels and renal function testing.
"Sulfonylureas (e.g. Gliclazide, Glimepiride)",Endocrinology,Endocrine Pharmacology,Insulin secretagogue class of antidiabetic agents used in Type 2 Diabetes Mellitus.,"Binds to and closes ATP-sensitive potassium channels (SUR1 subunit) on pancreatic beta cell membranes, causing cell depolarization, influx of voltage-gated calcium, and exocytosis of preformed insulin vesicles.",Used as second-line or dual therapy in T2DM; key adverse effects include hypoglycemia and weight gain; cautious use in elderly and renal impairment.,Requires blood glucose monitoring; serum creatinine/eGFR check (risk of prolonged drug accumulation in renal insufficiency).
Carbimazole & Propylthiouracil (PTU),Endocrinology,Endocrine Pharmacology,"Thionamide antithyroid medications used in hyperthyroidism, Graves' disease, and thyroid storm.","Inhibits thyroid peroxidase (TPO) enzyme, preventing oxidation of iodide, organification of iodine into tyrosine residues, and coupling of iodotyrosines (MIT/DIT). PTU also blocks peripheral T4-to-T3 conversion.",Used for medical management of Graves' disease and toxic nodular goiter; PTU preferred in 1st trimester pregnancy and thyroid storm; risk of agranulocytosis and PTU hepatotoxicity.,"Serial TFTs (TSH, Free T4/T3); baseline and urgent Complete Blood Count (WBC count for agranulocytosis if fever/sore throat occurs); LFTs."
Levothyroxine (L-T4),Endocrinology,Endocrine Pharmacology,Synthetic form of thyroxine (T4); mainstay of hormone replacement therapy for hypothyroidism.,"Converted peripherally by deiodinase enzymes into active triiodothyronine (T3), which binds to nuclear thyroid hormone receptors to regulate gene expression, metabolic rate, and protein synthesis.","Treatment of primary, secondary, and congenital hypothyroidism; myxedema coma (IV form); suppression therapy in thyroid carcinoma; adverse effects of overtreatment include atrial fibrillation and osteoporosis.",Targeted monitoring via serum TSH (aiming for 0.5-2.5 mIU/L in primary hypothyroidism); Free T4 monitoring in central/secondary hypothyroidism.
Lugol's Iodine Solution,Endocrinology,Endocrine Pharmacology,Aqueous solution of elemental iodine and potassium iodide used in acute thyrotoxic crisis and pre-thyroidectomy preparation.,High concentration of inorganic iodide transiently inhibits thyroid hormone synthesis and release via the Wolff-Chaikoff effect and decreases thyroid gland vascularity.,Administered in Thyroid Storm (always given at least 1 hour after antithyroid drug administration) and pre-operatively 10-14 days prior to thyroidectomy to reduce operative bleeding.,Serum Free T4/T3 tracking; pulse rate and cardiac rhythm monitoring.
