"Entity / Component","Category","Sub-Category","Key Characteristics & Origin","Primary Function & Mechanism","Clinical & Disease Associations","Diagnostic Markers / Lab Tests"
"IgA Antibody","Immunology","Immunoglobulins","Secretory type (sIgA) is a dimer/trimer with a J-chain and a secretory piece; monomer in serum. Produced by mucosal plasma cells.","Provides mucosal immunity; dimer secretory piece resists digestive enzymes and coats/neutralizes pathogens on mucosal surfaces, preventing epithelial attachment.","Selective IgA Deficiency (causes recurrent sinopulmonary and GI infections); IgA Nephropathy (Berger's disease); Henoch-Schönlein purpura.","Serum IgA levels (<7 mg/dL defines selective deficiency); immunofluorescence showing IgA mesangial deposits in kidney biopsy."
"IgG Antibody","Immunology","Immunoglobulins","Most abundant class in serum (~75%); monomeric structure. Secreted in high amounts by plasma cells during the secondary adaptive immune response.","Functions as a primary defender against bacteria, viruses, and toxins via neutralization, opsonization (promoting macrophage phagocytosis via Fc receptor binding), complement activation, and ADCC via NK cells; uniquely crosses the placenta.","Autoimmune hemolytic anemia and Erythroblastosis Fetalis (Type II hypersensitivity); IgG autoantibody deficiencies cause recurrent pyogenic infections.","Quantitative serum IgG levels; immunofluorescence showing IgG deposition; positive Coombs test (for autoimmune hemolytic anemia)."
"IgM Antibody","Immunology","Immunoglobulins","Pentameric structure linked by disulfide bonds and a J-chain in secretions; monomeric on mature B cell surfaces as a B cell receptor (BCR). Earliest antibody produced in a primary immune response.","Exhibits high avidity with 10 antigen-binding sites; exceptionally potent at complement activation (complement fixing) and causing agglutination (clumping) of pathogens.","Mismatched ABO blood transfusion reactions (Type II hypersensitivity); participates in Type III immune complex-mediated hypersensitivities; cold agglutinin disease.","Quantitative serum IgM levels; isohemagglutinin titer; direct/indirect agglutination assays."
"IgD Antibody","Immunology","Immunoglobulins","Monomeric structure; co-expressed with IgM on the surface of mature, naive B lymphocytes. Very low concentration in normal serum (~0.2%).","Functions primarily as a membrane-bound antigen receptor (BCR partner) to assist in B cell activation, maturation, and survival signaling.","Hyper-IgD syndrome (a periodic fever syndrome marked by high IgD levels and recurrent inflammatory episodes); levels vary in chronic inflammatory diseases.","Flow cytometry showing surface IgD+ on mature naive B cells (CD19+ / CD20+ / IgM+ / IgD+); serum IgD levels measured by ELISA or nephelometry."
"IgE Antibody","Immunology","Immunoglobulins","Lowest concentration in normal serum; monomeric structure with an extra constant domain (CH4). Produced by plasma cells following isotype switching induced by IL-4.","Binds with extremely high affinity to FcεRI receptors on mast cells and basophils. Cross-linking by allergens triggers immediate cell degranulation, releasing preformed inflammatory mediators.","Mediates Type I hypersensitivity (allergic rhinitis, asthma, hives, systemic anaphylaxis); plays an essential defensive role against helminthic parasite infections.","Elevated total serum IgE levels; allergen-specific IgE testing (RAST/ImmunoCAP); skin prick wheel-and-flare testing."
"Monoclonal Antibody (mAb)","Immunology","Immunoglobulins","Highly pure, monospecific antibodies manufactured in vitro. Produced by fusing a specific plasma B cell with an immortal myeloma cell to create a hybridoma.","Binds with absolute specificity to a single epitope on a target antigen, enabling targeted neutralisation, cell labeling, or receptor blocking.","Used as therapeutics: Rituximab (anti-CD20 for B cell lymphoma and RA), Infliximab (anti-TNF-α for Crohn's and RA), Trastuzumab (anti-HER2 for breast cancer).","Purity checked via capillary electrophoresis; binding specificity validated via ELISA and Western blot."
"Type I Hypersensitivity (Anaphylaxis)","Immunology","Hypersensitivity Reactions","Rapid, IgE-mediated systemic or local allergic reaction occurring within minutes of re-exposure to an allergen in a sensitized individual.","Allergen cross-links IgE antibodies pre-bound to high-affinity FcεRI receptors on mast cells/basophils. Degranulation releases histamine (early phase) and stimulates leukotriene synthesis (late phase).","Anaphylactic shock (marked by massive systemic vasodilation, bronchial smooth muscle contraction, and laryngeal edema); allergic asthma; food allergies.","Clinical diagnosis; elevated serum tryptase (marker of mast cell degranulation) measured shortly after the episode; skin prick testing."
"Type II Hypersensitivity (Cytotoxic)","Immunology","Hypersensitivity Reactions","Antibody-mediated cytotoxic reaction targeting antigens present on specific cell surfaces or within extracellular matrix tissues.","IgG or IgM antibodies bind directly to target cells, triggering classical complement activation (MAC lysis), opsonization for phagocytosis, or NK cell-mediated ADCC.","Mismatched ABO blood transfusion reactions, Erythroblastosis Fetalis (hemolytic disease of the newborn), Myasthenia Gravis, Autoimmune Hemolytic Anemia, Goodpasture's syndrome.","Direct and Indirect Coombs tests; detection of tissue-specific autoantibodies (e.g., anti-AChR); immunofluorescence biopsy showing linear deposition."
"Type III Hypersensitivity (Immune Complex)","Immunology","Hypersensitivity Reactions","Immune complex-mediated inflammatory reaction caused by the deposition of circulating, medium-sized antigen-antibody complexes in filters and tissues.","Circulating complexes deposit in blood vessels, joint synovium, or glomeruli, where they activate complement and recruit neutrophils that release destructive lysosomal enzymes.","Systemic Lupus Erythematosus (SLE), Rheumatoid Arthritis (RA), Serum Sickness, Arthus reaction, Post-streptococcal glomerulonephritis.","Decreased serum C3 and C4 complement levels; presence of circulating immune complexes; tissue biopsies showing granular (lumpy) immune deposits under immunofluorescence."
"Type IV Hypersensitivity (Contact Dermatitis)","Immunology","Hypersensitivity Reactions","Delayed-type, cell-mediated (antibody-independent) inflammatory reaction; peaks 48-72 hours after physical skin contact with an active hapten.","Haptens (e.g., poison ivy pentadecacatechol, nickel, leather chemicals) bind self-proteins, becoming immunogenic. Dendritic cells present them to Th1 cells, which secrete IFN-γ to recruit and activate highly destructive macrophages.","Pruritic, vesicular, erythematous skin lesions localized to the area of contact; localized tissue injury and swelling; Tuberculin skin test; graft rejection.","Patch testing (application of suspected allergens to the skin for 48 hours to observe for a localized cell-mediated reaction); Tuberculin skin test (PPD measurement)."
"Systemic Lupus Erythematosus (SLE)","Immunology","Autoimmune Diseases","Systemic autoimmune disease showing a strong female predominance (9:1); strongly associated with HLA-DR2 and HLA-DR3 alleles.","Mediates a Type III hypersensitivity reaction; autoantibodies bind to self-antigens (DNA/histones), forming immune complexes that deposit in small vessels and filters, activating complement and recruiting destructive neutrophils.","Malar 'butterfly' rash, discoid lupus, lupus nephritis (glomerulonephritis), arthritis, hematologic cytopenias, and neurological symptoms.","Positive ANA (sensitive screening); Anti-dsDNA and Anti-Smith autoantibodies (highly specific); decreased serum C3 and C4 complement levels."
"Rheumatoid Arthritis (RA)","Immunology","Autoimmune Diseases","Systemic inflammatory disease affecting joints; strong association with HLA-DR4. Characterized by the presence of Rheumatoid Factor (RF).","Mediates a mixed Type III/IV hypersensitivity. Autoreactive Th1 cells recruit macrophages that release destructive TNF-α in joint synovium. RF (IgM binding to IgG Fc tails) forms immune complexes that amplify inflammation.","Symmetrical polyarthritis (morning stiffness, joint erosions, pannus formation), subcutaneous nodules, systemic vasculitis, and pulmonary fibrosis.","Positive Rheumatoid Factor (RF); highly specific Anti-Cyclic Citrullinated Peptide (anti-CCP) antibodies; elevated ESR and CRP."
"Myasthenia Gravis","Immunology","Autoimmune Diseases","Type II (antibody-mediated) hypersensitivity; highly associated with HLA-DR3; often associated with thymic hyperplasia or thymoma.","Autoantibodies (IgG) bind to and block nicotinic acetylcholine receptors (AChR) at the neuromuscular junction, triggering receptor internalization, complement-mediated destruction, and impaired synaptic transmission.","Progressive muscle weakness and fatiguability (worse with exercise, improves with rest), ptosis, diplopia, dysphagia, and potentially fatal respiratory failure (myasthenic crisis).","Anti-AChR antibodies (highly specific); Anti-Muscle-Specific Tyrosine Kinase (MuSK) antibodies; electromyography (EMG) decremental response."
"Severe Combined Immunodeficiency (SCID)","Immunology","Primary Immunodeficiencies","Group of genetic disorders; most common is X-linked (IL2RG mutation). Autosomal recessive forms include adenosine deaminase (ADA) deficiency and RAG1/RAG2 mutations.","Severe defect in both cellular and humoral immunity. RAG1/RAG2 mutations block the V(D)J recombination needed to build functional B and T cell receptors, leaving lymphocytes totally non-functional.","Infants present with severe, recurrent infections (bacterial, viral, fungal, protozoal), chronic diarrhea, failure to thrive, and absence of thymic shadow. Fatal in infancy without bone marrow transplant.","Absent or extremely low T and B cell counts on flow cytometry; absence of T-cell receptor excision circles (TRECs) on newborn screening."
"Bruton's X-Linked Agammaglobulinemia (XLA)","Immunology","Primary Immunodeficiencies","X-linked recessive immunodeficiency caused by a loss-of-function mutation in the Bruton's Tyrosine Kinase (BTK) gene on chromosome Xq22.","BTK is required for pre-B cell receptor signaling; its defect blocks pre-B cells from maturing into mature B cells in the bone marrow, causing a near-total absence of B cells and all immunoglobulin classes.","Male infants present after age 3-6 months (as maternal IgG wanes) with recurrent, severe pyogenic bacterial infections (e.g., S. pneumoniae, H. influenzae) of the respiratory tract.","Profound B-cell lymphopenia (<1% CD19+ B cells in peripheral blood) on flow cytometry; extremely low or undetectable levels of serum IgG, IgA, and IgM."
"DiGeorge Syndrome","Immunology","Primary Immunodeficiencies","Congenital immunodeficiency caused by a microdeletion on chromosome 22q11.2, resulting in defective development of the 3rd and 4th pharyngeal pouches.","Causes thymic hypoplasia or aplasia, resulting in deficient T cell maturation and impaired cell-mediated immunity. Also causes parathyroid hypoplasia, leading to low calcium.","Recurrent viral, fungal, and opportunistic infections; cleft palate; congenital heart defects (conotruncal anomalies); tetany due to severe hypocalcemia.","Absent or profoundly low CD3+ T cell counts with normal B cell counts; absence of thymic shadow on chest X-ray; FISH/microarray showing 22q11.2 microdeletion."
"Paroxysmal Nocturnal Hemoglobinuria (PNH)","Immunology","Complement Proteins","Acquired clonal stem cell disorder caused by a somatic mutation in the PIGA gene, leading to a deficiency of GPI-anchor proteins.","Loss of GPI anchors causes a complete deficiency of cell-surface complement regulators DAF (CD55) and CD59 (MIRL), leaving red blood cells highly vulnerable to uncontrolled bystander complement-mediated MAC lysis.","Intravascular hemolytic anemia, hemoglobinuria (dark morning urine), severe thrombosis (especially in atypical venous sites), and pancytopenia.","Flow cytometry analysis showing absence of CD55 and CD59 on red blood cells and granulocytes."
"MHC Class I","Immunology","Major Histocompatibility Complex","Encoded by classical HLA-A, B, and C genes. Composed of an alpha heavy chain and a non-polymorphic beta-2 microglobulin chain. Distributed on all nucleated cells.","Binds and displays endogenous peptide antigens (viral or mutated intracellular proteins processed by proteasomes) to CD8+ Cytotoxic T cells.","Crucial for viral clearance and tumor surveillance; down-regulated by many viruses to escape detection; HLA-B27 strongly associated with Ankylosing Spondylitis.","Flow cytometry for surface MHC Class I/HLA expression; DNA-based molecular HLA typing."
"MHC Class II","Immunology","Major Histocompatibility Complex","Encoded by classical HLA-DP, DQ, and DR genes. Composed of an alpha and beta heterodimer. Expressed primarily on professional Antigen Presenting Cells (APCs).","Binds and displays exogenous peptide antigens (extracellular pathogens processed via the endosomal-lysosomal pathway) to CD4+ Helper T cells.","Key mediator of CD4+ T helper cell activation and immune collaboration; HLA-DR4 associated with Rheumatoid Arthritis; HLA-DR3/DR4 associated with Type 1 Diabetes.","Flow cytometry for HLA-DP, DQ, DR; PCR-based HLA typing."
"Dendritic Cells","Immunology","Immune Cells","Originates in the bone marrow; resides as immature sentinel cells in peripheral tissues. The most potent 'professional' Antigen Presenting Cells (APCs).","Captures, processes, and displays exogenous antigens on MHC Class II (and Class I via cross-presentation). Matures and migrates to lymph nodes to express co-stimulatory molecules (B7) and activate naive T cells.","Acts as the essential bridge between innate and adaptive immunity; crucial for initiating primary adaptive immune responses and maintaining central/peripheral self-tolerance.","Flow cytometry identification using surface markers CD11c, HLA-DR, CD80, CD83, and CD86."
"Macrophages","Immunology","Immune Cells","Derived from circulating blood monocytes; differentiates into tissue-specific residents (e.g., microglia, Kupffer cells, alveolar macrophages). Activated by IFN-γ or PAMPs.","Functions as professional phagocytes that engulf and digest pathogens/debris. Acts as APCs displaying antigens on MHC Class II to effector T cells at the site of inflammation; secretes pro-inflammatory cytokines (IL-1, IL-6, TNF-α).","Primary cells involved in chronic inflammation, granuloma formation (e.g., in tuberculosis and leprosy), and the pathogenesis of septic shock (via excessive TNF-α release).","Immunohistochemical staining or flow cytometry using markers CD14, CD68, CD11b, and HLA-DR."
"Natural Killer (NK) Cells","Immunology","Immune Cells","Large granular lymphocytes originating from lymphoid progenitors but functioning as part of the innate immune system. No antigen-specific receptors.","Recognizes and destroys virus-infected and tumor cells. Employs the 'missing self' hypothesis to target cells lacking MHC Class I; also executes ADCC via Fc receptor CD16.","Involved in early defense against intracellular infections (especially herpesviruses) and cancers; defects lead to severe recurrent viral infections.","Flow cytometry markers CD3- and CD56+ / CD16+; functional NK cytotoxicity assays."
"Th1 Cell","Immunology","Immune Cells","Differentiated CD4+ T helper cell subset. Development is promoted by IL-12 and IFN-γ; driven by the T-bet transcription factor.","Drives cell-mediated immunity against intracellular pathogens. Secretes IFN-γ to strongly activate macrophages, IL-2 to promote T cell proliferation, and TNF-β to mediate localized tissue inflammation.","Orchestrates Type IV Delayed-Type Hypersensitivity reactions (e.g., Tuberculin skin test, contact dermatitis); implicated in chronic inflammatory autoimmune diseases like Crohn's disease.","Intracellular cytokine staining for IFN-γ; CD4+ T cell flow cytometry panel; positive Tuberculin (PPD) skin test."
"Th2 Cell","Immunology","Immune Cells","Differentiated CD4+ T helper cell subset. Differentiation is induced by IL-4; driven by the GATA3 transcription factor.","Promotes humoral (antibody-mediated) immunity and defense against extracellular parasites (helminths). Secretes IL-4 (induces IgE class switching), IL-5 (recruits/activates eosinophils), and IL-10 (suppresses Th1 responses).","Implicated in Type I hypersensitivity allergic reactions (asthma, eczema, anaphylaxis); genetic predisposition to atopy.","Intracellular cytokine staining for IL-4, IL-5, and IL-13; elevated serum IgE levels; peripheral blood eosinophilia."
"Th17 Cell","Immunology","Immune Cells","Differentiated CD4+ T helper cell subset. Differentiation is promoted by IL-6, TGF-β, and IL-23; driven by the RORγt transcription factor.","Recruits neutrophils and maintains mucosal/epithelial barriers against extracellular bacteria and fungi by secreting IL-17 and IL-22.","Autosomal dominant Hyper-IgE syndrome (Job's syndrome) has Th17 deficiency; overactivity is associated with psoriasis, rheumatoid arthritis, and inflammatory bowel disease.","Intracellular cytokine staining for IL-17 via flow cytometry; serum IL-17 assay."
"Regulatory T Cell (Treg)","Immunology","Immune Cells","Subclass of CD4+ T cells characterized by the expression of CD25 and the Foxp3 transcription factor. Originates in thymus (nTregs) or peripheral tissues (iTregs).","Enforces peripheral self-tolerance by active suppression of self-reactive lymphocytes. Secretes anti-inflammatory cytokines IL-10 and TGF-β; utilizes CTLA-4 to downregulate co-stimulatory molecules on APCs.","IPEX syndrome (severe autoimmune disease marked by enteropathy, dermatological lesions, and polyendocrinopathy) is caused by Foxp3 mutation. Cancers recruit Tregs to escape immune destruction.","Flow cytometry showing CD4+ CD25+ Foxp3+; Foxp3 gene analysis."
"CD8+ Cytotoxic T Cell (CTL)","Immunology","Immune Cells","Originates in the bone marrow and matures in the thymus (passing positive and negative selection). Recognizes peptide antigens presented on MHC Class I molecules.","Directly kills virus-infected, damaged, or tumor cells by inducing apoptosis. Employs the perforin/granzyme pathway (to form membrane pores and digest targets) and the Fas/FasL death receptor pathway.","Essential for viral clearance and tumor surveillance; implicated in transplant rejection (host-versus-graft disease) and Type IV cell-mediated hypersensitivity.","Flow cytometry identification using CD3+ and CD8+ surface markers; granzyme B and perforin enzyme-linked immunospot (ELISPOT) assays."
"Complement C3","Immunology","Complement Proteins","The most abundant complement protein in serum, produced mainly by the liver. Acts as the central convergence point for all three complement activation pathways.","Cleaved into C3a (anaphylatoxin that recruits mast cells/neutrophils) and C3b (binds covalently to pathogens to mediate opsonization, and forms C5 convertases to amplify the terminal pathway).","Congenital C3 deficiency leads to severe, recurrent pyogenic infections (e.g., S. pneumoniae, H. influenzae) and severe immune complex-mediated glomerulonephritis.","Serum C3 quantitative levels (using nephelometry or radial immunodiffusion); CH50 and AH50 hemolytic complement assays."
"Complement C5","Immunology","Complement Proteins","Liver-synthesized serum glycoprotein. Cleaved by C5 convertases (C4b2a3b in classical/lectin; C3b2Bb in alternative) to initiate the terminal complement cascade.","Cleaved into C5a (a highly potent anaphylatoxin and neutrophil chemoattractant) and C5b. C5b sequentially binds C6, C7, C8, and multiple C9 proteins to form the Membrane Attack Complex (MAC/C5b-9).","C5 deficiency or terminal MAC pathway defects (C5-C9) result in high susceptibility to recurrent, life-threatening Neisseria meningitidis and Neisseria gonorrhoeae infections.","Serum C5 quantitative levels; CH50 assay (decreased/absent with normal C3 and C4 indicates terminal pathway deficiency)."
"Interleukin-2 (IL-2)","Immunology","Cytokines","Produced primarily by activated CD4+ T helper (Th1) cells; acts as a crucial autocrine and paracrine T cell growth factor.","Binds to high-affinity IL-2 receptors (containing CD25) to trigger clonal expansion, proliferation, and survival of T cells, B cells, NK cells, and regulatory T cells (Tregs).","Recombinant IL-2 (Aldesleukin) is used to treat metastatic renal cell carcinoma and melanoma; targeted by immunosuppressive drugs like Cyclosporine and Tacrolimus.","Serum cytokine assays; expression of CD25 (alpha chain of IL-2R) on the surface of T lymphocytes by flow cytometry."
"Interleukin-4 (IL-4)","Immunology","Cytokines","Secreted by CD4+ Th2 cells, mast cells, and activated basophils. Classic pleiotropic cytokine.","Induces differentiation of naive CD4+ T cells into the Th2 helper phenotype. Directs B cell class-switching to IgE and IgG4, and promotes eosinophil tissue recruitment.","Key driver of atopic allergic reactions (allergic rhinitis, asthma, atopic dermatitis); targeted by Dupilumab (anti-IL-4Rα).","Serum IL-4 level by ELISA; intracellular cytokine staining on T cells."
"Interferon-gamma (IFN-γ)","Immunology","Cytokines","Type II interferon; homodimeric glycoprotein produced mainly by activated CD4+ Th1 cells, CD8+ CTLs, and Natural Killer (NK) cells.","Binds to Type II IFN receptors to activate the JAK-STAT pathway. Acts as the primary battle cytokine that activates macrophages, enhances MHC Class I and II expression on APCs, and blocks IL-4-induced IgE switching.","Recombinant IFN-γ (Actimmune) is used to treat Chronic Granulomatous Disease (CGD) by boosting macrophage bactericidal activity; crucial for tuberculosis clearance.","IFN-γ release assays (IGRA) for tuberculosis screening (e.g., QuantiFERON-TB Gold); intracellular cytokine flow cytometry."
"Tumor Necrosis Factor-alpha (TNF-α)","Immunology","Cytokines","Homotrimeric cytokine produced mainly by activated macrophages, T cells, and NK cells in response to PAMP/DAMP recognition.","Coordinates local and systemic inflammation. Induces vascular endothelium adhesion molecules, increases vascular permeability, recruits neutrophils, and triggers hepatocytes to release acute-phase proteins.","Central mediator of rheumatoid arthritis joint destruction, Crohn's disease inflammation, and septic shock; triggers cachexia (wasting syndrome) in chronic infections and malignancy.","Serum TNF-α concentration; acute-phase reactants (CRP and ESR) as surrogates."
"Selectins","Immunology","Cell Adhesion Molecules","Family of calcium-dependent carbohydrate-binding transmembrane proteins. L-selectin on leukocytes; E- and P-selectin on activated endothelial cells.","Interacts with mucin-like ligands (CD15s) to mediate the initial weak, transient 'rolling' phase of leukocyte extravasation along vessel walls.","Deficient selectin ligand expression causes Leukocyte Adhesion Deficiency Type 2 (LAD II), presenting with severe immune deficiencies, high leukocytosis, and developmental delay.","Flow cytometry evaluating CD15s (sialyl Lewis X) expression on neutrophils; genetic testing for SLC35C1 mutations."
"Integrins","Immunology","Cell Adhesion Molecules","Heterodimeric cell-surface glycoproteins composed of non-covalently associated alpha and beta subunits. Examples include LFA-1 (CD11a/CD18) and Mac-1.","Binds tightly to immunoglobulin-superfamily ligands (like ICAM-1) on endothelial cells, converting leukocyte 'rolling' into stable 'tight adhesion' during extravasation.","Loss-of-function mutation in the common beta-2 integrin chain CD18 gene causes Leukocyte Adhesion Deficiency Type 1 (LAD I), marked by recurrent infections without pus, delayed umbilical cord separation.","Flow cytometry confirming complete or partial absence of surface CD18/CD11b on peripheral blood granulocytes."
"Hapten","Immunology","Antigens","Small, non-proteinaceous chemical compound of low molecular weight (e.g., penicillin, urushiol in poison ivy). It is reactive but non-immunogenic on its own.","Binds covalently to a high-molecular-weight host carrier protein, creating a hapten-carrier complex that is recognized as foreign, stimulating antibody and T-cell responses.","Drug-induced autoimmune hemolytic anemia (Type II hypersensitivity); urushiol contact dermatitis (Type IV hypersensitivity).","Clinical diagnosis; allergen patch testing; specific IgE or drug-induced antibody screening."
"Superantigen","Immunology","Antigens","Bacterial or viral proteins (e.g., S. aureus TSST-1, S. pyogenes exotoxins) that bypass normal MHC presentation rules.","Binds directly and simultaneously to the outer face of MHC Class II molecules on APCs and the Vβ domain of T-cell receptors (TCRs), cross-linking them without processing. Activates up to 20% of all T cells.","Triggers Toxic Shock Syndrome (TSS) and food poisoning, inducing a catastrophic 'cytokine storm' (massive release of TNF-α, IL-1, IFN-γ) leading to severe fever, hypotension, and shock.","Bacterial cultures from infection sites; TSST-1 toxin detection via PCR or immunological assays; multi-organ failure screening (CMP, lactate)."
"ELISA","Immunology","Immunodiagnosis","Enzyme-Linked Immunosorbent Assay. A highly sensitive, solid-phase in vitro serological diagnostic method using microtiter plates.","Combines antibody-antigen binding specificity with enzyme-catalyzed substrate reactions (e.g., using horseradish peroxidase) to produce a quantifiable color change.","Standard screening method for HIV antibodies, food allergies (specific IgE), autoimmune disease autoantibodies (e.g., anti-dsDNA), and circulating cytokines.","Spectrophotometric reading of optical density (OD) to quantify target concentrations."
"Live Attenuated Vaccine","Immunology","Immunoprevention","Vaccines made from weakened (attenuated) live pathogens that maintain their replication capacity but lose their pathogenicity.","Replicates transiently inside host cells, delivering vaccine antigens to both MHC Class I and Class II pathways, generating highly durable humoral and cellular (memory CD8+ CTL) immunity.","Examples: Measles, Mumps, Rubella (MMR), Varicella, Oral Polio (Sabin). Contraindicated in pregnant women and immunocompromised individuals due to safety/reversion risks.","Serological antibody titer screening (post-vaccination IgG levels) confirming immunity."
