Name,Tag,Morphology,Culture,Resistance,Pathogenesis,Clinical,Treatment
"Staphylococcus","G+","Spherical cells, grape-like clusters.","Aerobic/facultative, smooth colonies (golden/white/lemon).","Strongest among nonspores; high salt tolerance; 90% penicillin-resistant.","Coagulase, SPA, staphylolysin, leukocidin, exfoliative toxin, TSST-1, enterotoxin.","Local pyogenic infections (furuncle, carbuncle), bacteremia, SSSS, TSS, food poisoning.","Hygiene, sensitive antibiotics."
"Streptococcus","G+","Spherical cells, arranged in chains.","Facultative anaerobe, requires enriched media; classified by hemolysis (α, β, γ).","Weak; sensitive to normal antiseptics, penicillin, and erythromycin.","Hyaluronidase, SK, SD, Pyrogenic exotoxin, Streptolysin, M protein.","Sore throat, pyoderma, erysipelas, scarlet fever, rheumatic fever.","Penicillin (first choice); timely treatment of primary infection."
"E. coli","G-","Short rods, mostly possess peritrichous flagella & pili.","Lactose (+); forms pink, large colonies on SS medium.","Susceptible to standard disinfectants; easily develops opportunistic drug resistance.","Pili, LT & ST enterotoxins, Shiga toxin.","Extraintestinal (UTI, septicemia); Gastroenteritis via ETEC, EPEC, EHEC, EIEC, EAggEC.","Stool/urine culture on SS agar; fluid management and antibiotics."
"Shigella","G-","Short rods; possess pili, no flagella.","Lactose (-); colorless, small colonies on SS medium.","Weak, sensitive to acid; easily develops drug resistance.","Pili, strong endotoxin, Shiga exotoxin (Stx).","Bacillary dysentery (acute and chronic).","Manage dehydration; antibiotics; SD vaccine."
"Salmonella","G-","Rods; possess pili and mostly peritrichous flagella.","Lactose (-); colorless colonies on SS medium.","Easily killed by heat and chemical disinfectants.","Pili, endotoxin, enterotoxin; multiplies inside macrophages.","Gastroenteritis, Enteric (Typhoid) fever, Septicemia; carrier state in gallbladder.","Widal test; antibiotics; persistent cellular immunity post-recovery."
"Vibrio cholerae","G-","Short, curved (comma); single polar flagellum.","Facultative anaerobic; requires alkaline environment (pH 8.5-9.5); cultured on TCBS.","Weak; sensitive to acid/drying; dies at 100℃ in 2 minutes.","Flagella (penetration), pili (adhesion), strong Cholera Toxin (ctx).","Cholera (severe diarrhea/rice water stools).","Early diagnosis, quarantine, rapid rehydration, tetracycline/chloromycetin, vaccination."
"Clostridium tetani","G+","Slender bacilli; terminal round spore ('drum-stick').","Obligate anaerobic.","Very strong; spores survive boiling, killed only by autoclaving at 121℃ under pressure.","Tetanospasmin (neurotoxin blocking inhibitory neurotransmitter release).","Tetanus (lockjaw, spastic paralysis, severe muscle spasms).","Debridement, TAT injection, penicillin, DPT vaccine (toxoids)."
"Clostridium perfringens","G+","Large, rectangular bacilli; subterminal spore; capsule, non-motile.","Anaerobic; 'stormy fermentation' in milk medium.","Strong resistance due to spores.","α, β, ε, ι exotoxins (primarily α toxin) and enterotoxin.","Gas gangrene; mild, self-limiting food poisoning.","Debridement, hyperbaric oxygen, antitoxin, antimicrobial therapy."
"Clostridium botulinum","G+","Bacilli; subterminal oval spore ('tennis racket'); flagella present.","Obligate anaerobic.","Spores highly resistant; toxin is heat-labile.","Botulinum neurotoxin blocks release of acetylcholine.","Botulism (food poisoning/infant botulism); flaccid paralysis.","Heat food thoroughly, administer anti-toxin, antibiotic therapy if infected."
