"What is the Gram stain result and basic shape of ""Clostridium tetani""?","It is a Gram-positive, long, and slender bacillus."
"Where is the spore specifically located within a ""Clostridium tetani"" cell?",The spore is located at the terminal end of the cell.
"Which descriptive term is commonly used for the microscopic appearance of a ""Clostridium tetani"" spore and its vegetative cell?",The appearance is described as a drumstick form.
"How does the diameter of a ""Clostridium tetani"" spore compare to its vegetative cell?",The diameter of the spore is greater than that of the vegetative cell.
"What type of flagellar arrangement does ""Clostridium tetani"" possess?",It possesses peritrichous flagella.
"Does ""Clostridium tetani"" possess a capsule?","No, ""Clostridium tetani"" does not have a capsule."
"What are the oxygen requirement conditions for ""Clostridium tetani"" growth?",It is an obligate anaerobe.
"What characteristic growth pattern is observed when ""Clostridium tetani"" is cultured on blood agar?",Swarming occurs across the surface of the blood agar.
"Which type of hemolysis is typically produced by ""Clostridium tetani"" on blood agar?",It produces a faint $\beta$ hemolysis.
"For how long can ""Clostridium tetani"" spores tolerate being in boiling water at $100^{\circ}C$?",The spores can tolerate boiling for up to 60 minutes.
"At what specific temperature and pressure must medical supplies be heated to ensure the death of ""Clostridium"" spores?",They must be heated at $121^{\circ}C$ under pressure.
What is the minimum recommended duration for autoclaving at $121^{\circ}C$ to sterilize medical supplies contaminated with spores?,The recommended duration is at least 20 to 30 minutes.
"How long can ""Clostridium tetani"" spores remain viable when residing in soil?",They can remain viable for several decades in the soil.
"In what specific state does a ""Clostridium tetani"" spore exist when it is described as a ""resting bacterium""?",It exists in a dormant state with a thick coat that resists high temperatures and solvents.
"Under what condition do ""Clostridium tetani"" spores germinate into vegetative bacteria inside the human body?",Germination occurs when the spores are introduced into a suitable anaerobic environment.
"Why is ""Clostridium tetani"" classified as a non-invasive organism?",The infection remains strictly localized in the regional anaerobic area of devitalized tissue.
"Which type of wound profile most strongly favors the growth of ""Clostridium tetani""?",Deep and narrow wounds favor growth by providing anaerobic conditions.
How does the presence of aerobic bacteria in a wound promote the pathogenesis of tetanus?,"Aerobic bacteria consume local oxygen, creating the anaerobic environment required for ""Clostridium tetani""."
"List the two primary exotoxins produced by ""Clostridium tetani"".",The two exotoxins are tetanolysin and tetanospasmin.
What functional category of toxin is tetanospasmin?,Tetanospasmin is a potent neurotoxin.
Through what specific transport mechanism does tetanospasmin reach the Central Nervous System (CNS)?,It reaches the CNS via retrograde transport along axons.
Tetanospasmin blocks the release of which specific inhibitory neurotransmitters?,It blocks the release of glycine and $\gamma$-aminobutyric acid (GABA).
What is the physiological consequence of tetanospasmin blocking inhibitory neurotransmitter release?,The consequence is spastic paralysis characterized by severe muscle contractions.
"What is the clinical term for the ""lockjaw"" symptom associated with tetanus?",The clinical term for lockjaw is trismus.
Term: Opisthotonos,"Definition: A condition of severe hyperextension and spasticity in which an individual's head, neck, and spinal column enter a complete backward arching position."
What is the most common cause of death in patients suffering from progressive tetanus?,The most common cause of death is respiratory failure due to paralysis of the respiratory muscles.
How is a diagnosis of tetanus primarily established in a clinical setting?,The diagnosis is primarily established based on the presentation of characteristic clinical symptoms.
What is the role of debridement in the treatment of a tetanus-prone wound?,Debridement involves the surgical removal of necrotic tissue to eliminate the anaerobic environment required for bacterial growth.
What specific substance is used for active immunization against tetanus?,Active immunization is performed using tetanus toxoid.
"The abbreviation ""TAT"" stands for which medical treatment used for passive tetanus immunization?",TAT stands for Tetanus Antitoxin.
What is the primary mechanism of action for Tetanus Antitoxin (TAT)?,TAT works by neutralizing the circulating exotoxin before it binds to nerve cells.
Can Tetanus Antitoxin (TAT) neutralize tetanospasmin that has already bound to Central Nervous System receptors?,"No, TAT can only neutralize free toxin and cannot affect toxin already bound to nerve cells."
"Which antibiotic is considered the first choice for treating a ""Clostridium tetani"" infection?",Penicillin is the first-choice antibiotic for treatment.
"What are the components of the ""Triple Vaccine"" used for pediatric immunization?","The components are Diphtheria, Pertussis, and Tetanus (DPT)."
Which type of immunity is triggered by the administration of the tetanus toxoid vaccine?,It triggers active humoral immunity through the production of antitoxin antibodies.
Under what specific clinical circumstance should a patient receive an injection of TAT (Tetanus Antitoxin)?,TAT should be administered when a wound is contaminated with soil and the patient's immune status is uncertain or high-risk.
"How does ""Clostridium tetani"" differ from ""Clostridium botulinum"" in terms of the type of paralysis caused?","""C. tetani"" causes spastic paralysis, whereas ""C. botulinum"" causes flaccid paralysis."
What is the effect of Tetanospasmin on the synaptic activity between an inhibitory interneuron and a motor neuron?,"It inhibits the release of neurotransmitters from the inhibitory interneuron, preventing the motor neuron from being turned off."
Concept: Toxoid,Definition: A bacterial exotoxin that has been modified to be non-toxic while retaining its ability to stimulate the production of protective antibodies.
Why might a tetanus-infected wound not be clinically obvious upon examination?,"The infection remains strictly localized and the bacterium is not invasive, so the visible wound may be small or seemingly healed."
"Besides penicillin, which other classes of antibiotics can be used to treat tetanus?",Other antibiotics include achromycin (tetracycline) and erythrocin (erythromycin).
"In the tetanus disease process, what is meant by ""apparent infection""?",It refers to an infection where the host exhibits obvious clinical symptoms of the disease.
"What is the primary factor determining the pathogenicity of ""Clostridium tetani""?",Pathogenicity is primarily determined by its invasiveness (though minimal) and the production of potent exotoxins.
The principle of asepsis in medical procedures is defined as the _____.,"prevention of microbial contamination of living tissues or sterile materials by exclusion, destruction, or inhibition"
"In the context of bacterial growth cycles, which phase is ideal for studying the biological characteristics of ""Clostridium tetani""?",The logarithmic phase is ideal for study.
"What is the main chemical component of the cell wall in Gram-positive bacteria like ""C. tetani""?",The main component is peptidoglycan.
"Which structure, commonly found in enteric bacilli but notably absent in ""C. tetani"", is used for adhesion to host cells?",Pili (fimbriae) are the structures used for adhesion.
"How does the resistance of ""C. tetani"" spores compare to that of its vegetative form?","Spores are significantly more resistant to heat, chemicals, and desiccation than the vegetative form."
"What term describes the presence of ""Clostridium tetani"" toxins in the blood without the bacteria themselves spreading extensively?",The term is toxemia.
Which specific neurotransmitter is blocked by tetanospasmin in the spinal cord to cause muscle spasms?,Glycine is the specific inhibitory neurotransmitter blocked in the spinal cord.
True or False: Sterilization is defined as the killing of only pathogenic microorganisms.,"False, sterilization is the killing of all microbial forms, including spores."
"What is the expected result of a motility test for ""Clostridium tetani""?",The result would be positive because it possesses peritrichous flagella.
"The chemical composition of bacterial exotoxins, such as Tetanospasmin, is primarily _____.",protein
Which inhibitory neurotransmitter is primarily associated with the brain and is blocked by tetanospasmin?,The neurotransmitter is $\gamma$-aminobutyric acid (GABA).
"What is the standard unit of measurement for bacterial size, such as the slender bacilli of ""C. tetani""?",The standard unit is the micrometer ($\mu m$).