What is the standard magnification required to see bacteria under a microscope?,$1000$ times.
"The highly resistant, dormant forms of bacteria like Bacillus and Clostridium are known as _____.",Resting structures (or spores).
What specific temperature and conditions are required to kill bacterial spores during sterilization?,$121^{\circ}C$ under pressure.
For how many minutes must medical supplies be heated at $121^{\circ}C$ to achieve sterilization?,At least $20$ to $30$ minutes.
What is the primary difference between disinfection and sterilization?,"Sterilization kills all microbial forms including spores, while disinfection only kills pathogenic microorganisms."
During which phase of the bacterial growth cycle are biological characteristics best studied?,Logarithmic (Log) phase.
The visible group of bacteria formed by the proliferation of a single bacterium on solid medium is called a _____.,Colony.
What is the optimal concentration of alcohol used for disinfection?,$75\%$.
How does ultraviolet light act as a disinfectant?,It interferes with $DNA$ synthesis.
What is the characteristic arrangement of Staphylococcus cells?,Grape-like clusters.
Which bacterium is known for its high salt tolerance and $90\%$ resistance to penicillin?,Staphylococcus aureus.
What is the first-choice antibiotic for treating Streptococcus infections?,Penicillin.
What is the main invasive factor (virulence factor) of Pneumococcus?,The capsule.
How do nonpathogenic enterobacteria typically appear on Salmonella-Shigella ($SS$) medium?,Pink and large colonies.
Which $E. coli$ toxin activates adenyl cyclase ($AC$) to increase intestinal secretion?,Heat-labile enterotoxin ($LT$).
The mechanism of $E. coli$ Heat-stable toxin ($ST$) involves the activation of which enzyme?,Guanylyl cyclase ($GC$).
Which diagnostic test is used to identify Salmonella infections such as Typhoid fever?,Widal test.
Where do Salmonella bacteria typically reside in chronic carriers?,The gallbladder.
Describe the morphology of Vibrio cholerae.,"Gram-negative, short, curved (comma-shaped) rods with a single polar flagellum."
What are the specific $pH$ requirements for the growth of Vibrio cholerae?,Alkaline conditions between $pH$ $8.5$ and $9.5$.
Which selective culture medium is used for the isolation of Vibrio cholerae?,Thiosulfate citrate bile salts sucrose ($TCBS$) agar.
How long does it take for Vibrio cholerae to die at a temperature of $100^{\circ}C$?,$2$ minutes.
Which virulence factor allows Vibrio cholerae to colonize the small intestine?,Pili.
What is the primary clinical finding associated with Cholera?,"Severe diarrhea with ""rice water"" stools."
What is the characteristic morphological appearance of Clostridium tetani cells containing spores?,Drum-stick appearance.
Which type of growth is observed for Clostridium tetani on blood agar?,Swarming growth with faint $\beta$ hemolysis.
What is the pathogenic mechanism of Tetanospasmin?,It blocks the release of inhibitory neurotransmitters glycine and $\gamma$-aminobutyric acid ($GABA$).
How is active immunity against tetanus achieved?,Vaccination with tetanus toxoid (often as part of the $DPT$ vaccine).
What is the immediate treatment for a wound contaminated with soil to prevent tetanus?,Injection of tetanus antitoxin ($TAT$).
Describe the morphology and Gram stain of Clostridium perfringens.,"Gram-positive, large, rectangular bacillus."
What is the position of the spore in Clostridium perfringens?,Subterminal.
How does Clostridium perfringens differ from most other Clostridia regarding motility and capsule?,It is non-motile and possesses a capsule.
Which biochemical phenomenon is characteristic of Clostridium perfringens in milk medium?,"""Stormy fermentation."""
What type of hemolysis is produced by Clostridium perfringens on blood agar?,Double zones of hemolysis.
Which exotoxin is the primary virulence factor in invasive Clostridium perfringens infections?,$\alpha$ toxin.
"What clinical condition, characterized by crepitus and muscle necrosis, is caused by Clostridium perfringens?",Gas gangrene.
How does food poisoning caused by Clostridium perfringens enterotoxin typically resolve?,It is mild and self-limiting within $1$ to $2$ days.
Which non-antibiotic therapy is used to treat gas gangrene by increasing oxygen tension in tissues?,Hyperbaric oxygen.
What is the essential surgical step in treating Clostridium perfringens wound infections?,Debridement (removal of necrotic tissue).
Describe the characteristic morphology of Clostridium botulinum spores.,"Subterminal oval spores, giving a ""tennis racket"" appearance."
What is the pathogenic mechanism of Botulinum neurotoxin?,It blocks the release of the neurotransmitter acetylcholine at neuromuscular junctions.
What type of paralysis is characteristic of botulism?,Flaccid paralysis.
What is the infective stage of Entamoeba histolytica for humans?,The mature cyst.
"How many nuclei are found in a mature, infective Entamoeba histolytica cyst?",$4$ nuclei.
Which stage of Entamoeba histolytica is responsible for invading host tissues?,Trophozoite.
What is a characteristic finding in the endoplasm of Entamoeba histolytica trophozoites?,Ingested red blood cells.
What type of intestinal lesion is characteristic of amoebic dysentery?,Flask-shaped ulcers.
Describe the appearance of pus from an extra-intestinal amoebic liver abscess.,"""Chocolate"" pus."
Which drug is used to treat symptomatic intestinal amoebiasis and liver abscesses?,Metronidazole.
Which component of the Gram-negative bacterial cell wall is responsible for its endotoxin activity?,Lipid A.
Compare the heat stability of most exotoxins versus endotoxins.,"Exotoxins are generally heat-labile (destroyed by heat), while endotoxins are heat-stable."
The chemical composition of bacterial exotoxins is primarily _____.,Protein.
Which structure helps bacteria adhere to host cell surfaces?,Pilus (pili).
What term describes a localized systemic infection where bacteria multiply in the blood and cause high fever?,Septicemia.
What is the most frequently used method to kill bacterial spores in a laboratory setting?,Autoclave sterilization.
Which antigen in Salmonella is associated with the capsule and virulence?,$Vi$ antigen.
How is the transmission of Entamoeba histolytica primarily achieved?,Swallowing items contaminated with mature cysts from human feces (fecal-oral route).
Which second messenger is increased by the A subunit of the Cholera toxin?,$cAMP$.
What is the primary diagnostic stage for Entamoeba histolytica found in stool samples?,Cysts and trophozoites.
What clinical condition involves the widespread peeling of skin caused by Staphylococcus toxins?,Staphylococcal scalded skin syndrome ($SSSS$).
"Which bacterium uses ""swarming"" motility to cover the surface of a blood agar plate?",Clostridium tetani.
Which type of immunity is persistent after recovery from Typhoid fever?,Specific cellular immunity.
What is the effect of Tetanospasmin on muscle activity?,It causes spastic paralysis (sustained muscle contraction).
"Why must food be heated thoroughly to prevent botulism, despite the resistance of spores?",The botulinum toxin itself is heat-labile (destroyed by heat).
"Which bacterium is identified by colorless, small colonies on $SS$ agar and lack of motility?",Shigella.
What are the three main types of antigens used for serotyping enteric bacilli?,"$O$ (somatic), $H$ (flagellar), and $K/Vi$ (capsular) antigens."
"Which bacterium is associated with ""Rose spots"" on the abdomen during infection?",Salmonella typhi.
"In Clostridium perfringens, which toxin is primarily responsible for tissue destruction in gas gangrene?",$\alpha$ toxin (a lecithinase).
What is the primary mode of bacterial multiplication?,Simple binary fission.
Which disinfectant is commonly used for drinking water and swimming pools?,Chlorine.
What is the typical diameter of a Staphylococcus or Streptococcus cell?,$1.0 \mu m$.
Which temperature group contains all human pathogens and opportunists?,Mesophilic forms ($30^{\circ}C$ to $37^{\circ}C$).
What is the specific diagnostic finding for Staphylococcus aureus on $TCBS$ agar?,It does not grow on $TCBS$ (only Vibrio species do).
Which drug is specifically used to treat asymptomatic cyst-passers of Entamoeba histolytica?,Diiodoquin.