What is the typical magnification required to see bacteria under a light microscope?,1000 times.
Bacteria that lack a nuclear membrane and nucleolus are classified as _____ cells.,prokaryotic
Which bacterial structure is specifically responsible for motility?,Flagella.
What is the function of ordinary pili in bacteria?,Adhesion to host cells.
Bacterial L-forms are characterized by a deficiency in which structure?,The cell wall.
What is the primary chemical component of the Gram-positive bacterial cell wall?,Peptidoglycan.
"The highly resistant, dormant ""resting"" stage of some bacteria is called a _____.",spore
What is the standard temperature and time for sterilization in an autoclave to kill spores?,$121^\circ C$ for 15-20 minutes.
Which disinfectant concentration is considered optimal for alcohol-based antisepsis?,$75\%$.
What is the primary mechanism by which ultraviolet (UV) light kills bacteria?,Interfering with DNA synthesis.
"The ability of a pathogen to invade, colonize, and spread within a host is termed _____.",invasiveness
How do exotoxins differ from endotoxins regarding their origin?,"Exotoxins are mainly secreted by living Gram-positive bacteria, while endotoxins are part of the Gram-negative cell wall."
An exotoxin that has been treated to destroy its toxicity but retain its immunogenicity is called a _____.,toxoid
Which specific component of the Gram-negative bacterial lipopolysaccharide (LPS) is responsible for its toxicity?,Lipid A.
Which surface protein is an important diagnostic marker for $Staphylococcus$ $aureus$?,Staphylococcal Protein A (SPA).
Which enzyme produced by $Staphylococcus$ $aureus$ causes plasma to clot and is a key pathogenicity marker?,Coagulase.
What is the characteristic arrangement of $Streptococcus$ cells?,In chains.
"Which pathogen is associated with the clinical finding of ""rice water stools""?",$Vibrio$ $cholerae$.
What environment does $Vibrio$ $cholerae$ require for optimal growth in culture?,Alkaline conditions ($pH$ 8.5-9.5).
"The A subunit of the Cholera toxin increases the levels of _____ in intestinal cells, leading to diarrhea.",$cAMP$
Which bacterium is the primary cause of bacillary dysentery?,$Shigella$.
The Widal test is used to diagnose which infectious disease?,Typhoid fever (Enteric fever).
"In a Widal test, a diagnostic rise in antibody titer is generally considered to be at least _____ times.",4
"Which anaerobic bacterium is known for causing ""stormy fermentation"" in milk medium?",$Clostridium$ $perfringens$.
What is the characteristic shape of $Clostridium$ $tetani$ spores?,Drumstick-shaped (terminal round spore).
What is the mechanism of action for Tetanospasmin?,It blocks the release of inhibitory neurotransmitters (Glycine and $GABA$).
Morphology: $Clostridium$ $botulinum$,Gram-positive bacilli with subterminal oval spores resembling a tennis racket.
What are the oxygen requirements for the growth of $Clostridium$ $botulinum$?,Obligate anaerobic.
"Regarding resistance, how does the $Clostridium$ $botulinum$ toxin compare to its spores?","The spores are highly resistant to heat, while the toxin is heat-labile."
At what temperature and for how long is the Botulinum toxin typically destroyed?,$100^\circ C$ for 10 minutes (or $80^\circ C$ for 20 minutes).
What is the pathogenic mechanism of the Botulinum toxin?,It blocks the release of acetylcholine ($ACh$) at the neuromuscular junction.
Which type of paralysis is caused by $Clostridium$ $botulinum$ infection?,Flaccid paralysis.
What is the most common cause of death in progressive botulism?,Respiratory failure.
What is a major clinical finding in $Clostridium$ $botulinum$ food poisoning besides paralysis?,Blurred vision with fixed dilated pupils.
Is fever typically present or absent in cases of botulism food poisoning?,Absent.
Which clinical form of botulism is associated with the ingestion of spores by neonates?,Infant botulism.
What is the primary treatment for patients presenting with botulism?,Administration of anti-toxin.
What preventive measure should be taken with canned foods to avoid botulism?,Heat the food thoroughly before consumption.
Term: Trophozoite,"Definition: The active, pathogenic, and reproductive stage of a protozoan. Example: The motile form of $Entamoeba$ $histolytica$."
Which stage of $Entamoeba$ $histolytica$ is both the infective and diagnostic stage?,The mature cyst.
A mature $Entamoeba$ $histolytica$ cyst contains exactly _____ nuclei.,4
What is the characteristic shape of intestinal ulcers caused by $Entamoeba$ $histolytica$?,Flask-shaped.
Amoebic liver abscesses are often characterized by reddish-brown pus known as _____ pus.,chocolate
Which medication is used to treat symptomatic intestinal amoebiasis?,Metronidazole.
What is the primary method of motility for $Entamoeba$ $histolytica$ trophozoites?,Pseudopodia.
Which structure allows bacteria to survive boiling ($100^\circ C$)?,The spore.
Pasteurization is a sterilization method commonly used for _____ and _____.,milk; beer
The synthetic product of bacteria responsible for causing fever in humans is called a _____.,pyrogen
During which phase of the bacterial growth cycle are bacteria most suitable for studying biological characteristics?,Logarithmic (log) phase.
What is the difference between disinfection and sterilization?,"Disinfection kills only pathogenic microorganisms, while sterilization kills all forms of life including spores."
How does $Staphylococcus$ $saprophyticus$ differ from $Staphylococcus$ $aureus$ regarding coagulase production?,"$S.$ $saprophyticus$ is coagulase-negative, whereas $S.$ $aureus$ is coagulase-positive."
Which bacterium can grow on media containing $10\%-15\% \ NaCl$?,$Staphylococcus$.
Scarlet fever and rheumatic fever are complications caused by which genus of bacteria?,$Streptococcus$.
Which $E.$ $coli$ group is associated with producing toxins similar to the Cholera toxin?,Enterotoxigenic $E.$ $coli$ (ETEC).
The heat-stable toxin ($ST$) of $E.$ $coli$ causes diarrhea by increasing levels of _____.,$cGMP$
What is the first-choice antibiotic for treating $Streptococcus$ infections?,Penicillin.
Which type of hemolysis produces a transparent zone on blood agar?,$\beta$-hemolysis.
"What is the primary clinical finding of Gas Gangrene, and which organism causes it?",Tissue necrosis and gas production; $Clostridium$ $perfringens$.
"In the mechanism of tetanus, spastic paralysis results from the lack of _____ of the motor neurons.",inhibition
Which vaccine is used for the active immunization of children against tetanus?,"DPT (Diphtheria, Pertussis, Tetanus) vaccine."
How does the toxin production of $Clostridium$ $perfringens$ differ from $C.$ $tetani$ in terms of diversity?,"$C.$ $perfringens$ produces multiple exotoxins ($\alpha, \beta, \epsilon, \iota$), whereas $C.$ $tetani$ primarily produces Tetanospasmin."
What is the role of Tetanus Antitoxin (TAT) in treatment?,It neutralizes free (unbound) exotoxin in the bloodstream.
Which form of $Entamoeba$ $histolytica$ is commonly found in the stool of chronic carriers?,The cyst.
Tenesmus is a clinical symptom commonly associated with which bacterial infection?,$Shigella$ (Bacillary dysentery).
What color do non-pathogenic enteric bacteria typically produce on SS (Salmonella-Shigella) agar?,Pink.