How is dehydration defined in terms of body fluid volume?,An abnormal reduction of the total body water.
What percentage of lean body mass in humans is typically composed of water?,Approximately $60\%$.
Which fluid compartment constitutes approximately two-thirds of the total body water?,Intracellular Fluid (ICF).
What fraction of total body water is found in the Extracellular Fluid (ECF) compartment?,One-third.
"In a healthy adult male, what percentage of total body weight is contributed by Intracellular Fluid (ICF)?",Approximately $40\%$.
"In a healthy adult male, what percentage of total body weight is contributed by Extracellular Fluid (ECF)?",Approximately $20\%$.
What are the two primary sub-compartments of the Extracellular Fluid (ECF)?,Plasma and Interstitial fluid.
What percentage of total body weight is accounted for by blood plasma?,Approximately $5\%$.
What percentage of total body weight is accounted for by interstitial fluid?,Approximately $15\%$.
What is the serum sodium threshold for a diagnosis of hypotonic dehydration?,Less than $130$ $mmol/L$.
What is the expected serum sodium range in a patient with isotonic dehydration?,Between $130$ and $150$ $mmol/L$.
What is the serum sodium threshold for a diagnosis of hypertonic dehydration?,Greater than $150$ $mmol/L$.
What are the three classifications of dehydration based on the osmotic pressure of the ECF?,"Hypotonic, hypertonic, and isotonic dehydration."
What is a universal clinical sign of dehydration related to skin and eyes?,Loss of skin turgor and sunken eyeballs.
How is hypotonic dehydration defined regarding the ratio of solute to solvent loss?,Sodium loss is greater than water loss.
How is hypertonic dehydration defined regarding the ratio of solute to solvent loss?,Water loss is greater than sodium loss.
How is isotonic dehydration defined regarding the ratio of solute to solvent loss?,Sodium and water are lost in equal proportions.
Which dehydration type results in a plasma osmotic pressure of less than $280$ $mmol/L$?,Hypotonic dehydration.
"Under what condition does water shift from the ECF to the ICF, causing cell swelling?",When ECF osmolality decreases (hypotonic dehydration).
"Under what condition does water shift from the ICF to the ECF, causing cell shrinkage?",When ECF osmolality increases (hypertonic dehydration).
What is the primary cellular consequence of hypertonic dehydration on brain cells?,Cerebral cell shrinkage.
What is the primary cellular consequence of hypotonic dehydration on brain cells?,Cerebral cell swelling.
"Which medication class, including furosemide, is a common renal cause of hypotonic dehydration?",Diuretics.
How does Addison's disease contribute to hypotonic dehydration?,Adrenocortical insufficiency leads to decreased aldosterone (ADS) and sodium wasting.
What is considered the commonest reason for hypotonic dehydration in clinical medicine?,"Extrarenal factors (e.g., GI loss, sweating)."
What are three examples of gastrointestinal tract pathways that lead to isotonic fluid loss?,"Diarrhea, vomiting, and gastric suction."
Why are patients with hypotonic dehydration highly susceptible to hypovolemic shock?,The ECF volume decreases markedly as water moves into the cells.
What is the typical etiology for hypertonic dehydration involving intake?,"Inadequate water gain (e.g., no water to drink)."
What is the effect of insensible evaporation from the skin and lungs on dehydration type?,It primarily causes hypertonic dehydration due to pure water loss.
Which dehydration type is most commonly associated with hemorrhage or extensive burns?,Isotonic dehydration.
What happens to the ICF volume in hypertonic dehydration?,It decreases markedly.
"In the early stages of hypotonic dehydration, what happens to the circulating blood volume?","It decreases, leading to susceptibility to shock."
What is the most appropriate fluid replacement for a patient with hypertonic dehydration?,Pure water or hypotonic solutions.
Why does renal tubular acidosis lead to sodium loss?,Due to the retention of $H^{+}$ and impaired sodium reabsorption in the collecting ducts.
Which dehydration type is characterized by a significant decrease in both ECF osmolality and ECF volume?,Hypotonic dehydration.
What clinical manifestation is specifically associated with the high ECF osmolality of hypertonic dehydration?,Thirst.
How does chronic inflammation or genetic defects typically lead to endocrine-related fluid issues?,"By causing hormone hyposecretion, such as reduced aldosterone."
Identify one extrarenal factor that leads to hypotonic dehydration via the skin.,Sensible perspiration (sweating).
What is the effect of acute renal failure (polyuria state) on sodium balance?,It causes damage to the renal parenchyma leading to sodium wasting.
What determines if water will shift between the ECF and ICF compartments?,A change in the osmolality (osmotic pressure) of the ECF.
What is the urinary sodium concentration in hypotonic dehydration if the loss is extrarenal?,Less than $10$ $mmol/L$.
What is the urinary sodium concentration in hypotonic dehydration if the loss occurs via the kidney?,Greater than $20$ $mmol/L$.
Which specific clinical sign is often seen in hypertonic dehydration due to interference with thermoregulation?,Dehydration fever.
How do hypothalamic osmoreceptors respond to volume depletion and rising osmolality?,They detect the change and trigger thirst and ADH release.
What is the primary purpose of ADH (Antidiuretic Hormone) release during dehydration?,To increase water conservation by the kidneys.
What is the concept of 'third space' accumulation in the context of dehydration?,Fluid accumulating in areas like the peritoneum (peritonitis) where it is not physiologically functional.
What is the approximate total blood volume as a percentage of body weight?,Approximately $8\%$.
"In hypertonic dehydration, what is the status of the ECF osmolality?",It is significantly increased.
What is the primary mechanism of cell death for beta-cells mentioned in the context of turnover?,Apoptosis.
How does the body normally replace apoptotic cells according to the source?,Through replication and neogenesis.
Which dehydration type is colloquially referred to as 'hypovolemic hyponatremia'?,Hypotonic dehydration.
Which dehydration type is colloquially referred to as 'hypovolemic hypernatremia'?,Hypertonic dehydration.
What is the effect of 'osmotic diuresis' on body fluid compartments?,It causes volume depletion and a rise in extracellular osmolality.
Name the condition where ECF volume decreases and the patient is highly susceptible to shock with more sodium lost than water.,Hypotonic dehydration.
What is the urinary volume status typically found in hypotonic dehydration?,Urine volume may be 'more or less' depending on the exact etiology (renal vs extrarenal).
"According to the summary, what are the two broad divisions of water metabolism disorders based on fluid volume change?",Dehydration and overhydration.
Which compartment contains the 'bidirectional delivery system' for nutrients and regulatory molecules?,Extracellular Fluid (ECF).
"The 'internal environment' for making, storing, and utilizing energy is provided by which compartment?",Intracellular Fluid (ICF).
How does the osmolality change in ECF affect the ICF in hypertonic dehydration?,"High ECF osmolality draws water out of the ICF, causing cell shrinkage."
What specific physiological measurements are preferred over simple weight per unit volume in fluid dynamics?,"Moles, equivalents, or osmoles."