What is the Gram stain result and typical arrangement of Staphylococcus?,Gram-positive spherical cells arranged in grape-like clusters.
Which protein serves as an important surface antigen for Staphylococci?,Staphylococcal Protein A (SPA).
Staphylococci are classified as aerobic or _____ anaerobic.,Facultative.
What are the three typical pigment colors produced by Staphylococcal colonies?,"Golden yellow, white, and lemon."
Which Staphylococcal species produces a golden yellow pigment?,Staphylococcus aureus.
Which Staphylococcal species typically produces a white pigment?,Staphylococcus epidermidis.
What is the optimum $pH$ for the cultivation of Staphylococci?,$pH$ $7.4$.
Staphylococci exhibit high salt tolerance and can grow in media containing what concentration of $NaCl$?,$10\%$ to $15\%$.
How does the resistance of Staphylococcus compare to other nonspore-forming bacteria?,It is the strongest among nonspore-forming bacteria.
Approximately what percentage of Staphylococci strains are resistant to Penicillin G?,$90\%$.
What is the primary biochemical marker used to identify the pathogenicity of Staphylococci?,Plasma-coagulase.
How does coagulase help Staphylococci resist the host immune system?,It induces plasma clotting around the bacteria to resist phagocytosis.
What effect does coagulase have on the localization of a Staphylococcal infection?,It limits the infection and promotes tissue necrosis.
What is the main type of Staphylolysin produced by pathogenic strains?,$\alpha$-staphylolysin.
What is the pathogenic mechanism of Staphylolysin?,It acts as a cytotoxin that damages cell membranes.
Which host cells are primarily targeted and destroyed by Staphylococcal Leukocidin?,Neutrophils and macrophages.
Which toxin is the causative agent of Staphylococcal Scalded Skin Syndrome (SSSS)?,Exfoliative toxin.
Which clinical condition is characterized by fever and is caused by Toxic Shock Syndrome Toxin 1?,Toxic Shock Syndrome (TSS).
Staphylococcal enterotoxin is thermostable and can resist boiling at $100^{\circ}C$ for how many minutes?,$30$ minutes.
What is the physiological mechanism by which Staphylococcal enterotoxin causes vomiting?,It stimulates the vomiting center of the Central Nervous System.
Approximately what fraction of Staphylococcus aureus strains can produce enterotoxin?,One-half ($\frac{1}{2}$).
List three examples of local pyogenic skin infections caused by Staphylococcus.,"Furuncle (boil), carbuncle, and impetigo."
What terms describe the systemic spread of Staphylococcus leading to abscesses in internal organs?,Bacteremia and Pyemia.
Which specific patient population is most frequently affected by Staphylococcal Scalded Skin Syndrome (SSSS)?,"Newborns, infants, and immune-deficient patients."
"In suspected cases of food poisoning, which specimens should be collected for laboratory diagnosis?",Suspected food and vomitus.
"Besides coagulase, which biochemical test involves the fermentation of a specific sugar to identify Staphylococcus aureus?",Mannitol fermentation.
What diagnostic test is used to identify the presence of SPA on the surface of S. aureus?,Conglutination test.
"For patients with recurrent Staphylococcal attacks, what specialized therapy may be attempted?",Desensitization therapy with a self-vaccine.
The presence of a subterminal oval spore that resembles a 'tennis racket' is characteristic of which Clostridium species?,Clostridium botulinum.
What is the required temperature and duration for pressure sterilization to kill highly resistant bacterial spores?,$121^{\circ}C$ for at least $20$ to $30$ minutes.
"Which Clostridium species is described as a large, rectangular, Gram-positive bacillus with a capsule and no motility?",Clostridium perfringens.
What unique cultural phenomenon occurs when Clostridium perfringens is grown in milk medium?,Stormy fermentation.
What is the primary neurotoxin produced by Clostridium tetani that blocks inhibitory neurotransmitters?,Tetanospasmin.
Which Vibrio cholerae structure is essential for adapting to and moving through mucous surfaces?,Flagella.
What is the preferred culture medium for the isolation of Vibrio cholerae?,TCBS (Thiosulfate citrate bile salts sucrose agar).
Vibrio cholerae requires an alkaline environment with a $pH$ range of _____ to grow well.,$8.5$ to $9.5$.
What type of paralysis is characteristic of Botulism caused by Clostridium botulinum?,Flaccid paralysis.
"Which vaccine is used to provide active immunity against tetanus, diphtheria, and pertussis?",DPT vaccine.
What is the Gram stain and morphology of Shigella?,Gram-negative short rods.
"Which Enterobacteriaceae species forms pink, large colonies on SS medium due to lactose fermentation?",Escherichia coli.
Salmonella typically multiplies inside which host immune cells?,Macrophages.
What specific serological test is used to diagnose Enteric (Typhoid) fever?,Widal test.
"In the context of bacterial growth, what is a 'colony'?",A visible group of bacteria on solid medium derived from a single progenitor cell.
What is the definition of 'sterilization' in microbiology?,"The complete destruction of all forms of microbial life, including spores."
Which phase of the bacterial growth curve is characterized by the most rapid cell division?,Log (logarithmic) phase.
What structure is referred to as 'resting bacteria' and allows survival in extreme desiccation?,Spore.
Which Gram-positive coccus is arranged in chains and requires enriched media for growth?,Streptococcus.
What is the first choice of antibiotic for treating infections caused by Streptococcus pyogenes?,Penicillin.
Which toxin produced by Group A Streptococcus causes the rash seen in Scarlet Fever?,Pyrogenic exotoxin (Erythrogenic toxin).
What is the common term for the terminal round spore of Clostridium tetani?,Drum-stick.
Which bacterial structure is primarily responsible for adhesion and colonization in the small intestine?,Pili.
What is the characteristic appearance of stools in a patient with Cholera?,Rice water stools.
How is 'antisepsis' defined relative to living tissues?,The use of chemical agents on skin or living tissue to inhibit or eliminate microbial growth.
"Which bacterial enzyme, also known as 'spreading factor,' breaks down connective tissue?",Hyaluronidase.
Which toxin produced by Staphylococcus aureus is a major cause of hospital-acquired Toxic Shock Syndrome?,TSST-1.
What is the primary method of preventing hospital-acquired Staphylococcal infections?,"Personal hygiene, disinfection, and isolation."
Which Staphylococcus species is generally considered non-pathogenic and lacks coagulase?,Staphylococcus saprophyticus.
Bacterial spores are highly resistant because of their thick coat and extremely low _____ content.,Water.
Which Streptococcus enzyme is used clinically to dissolve blood clots?,Streptokinase (SK).
What term describes a state where a pathogen persists in a host without causing clinical symptoms but can be shed?,Carrier state.