What is the typical shape and Gram stain reaction of Streptococcus?,Gram-positive ($G+$) spherical cells.
How are Streptococcus cells typically arranged when viewed under a microscope?,In chains.
What is the average diameter of a Streptococcus cell?,$1.0 \mu m$.
Streptococcus species do not form spores and are characterized as _____.,Nonsporeforming.
Are Streptococcus species motile or nonmotile?,Nonmotile.
Which chemical substance composes the capsule of a Streptococcus cell?,Hyaluronic acid.
What is the composition of the pilus-like structures on the surface of Streptococcus?,Lipoteichoic acid-M protein (LTA-M protein).
"In terms of oxygen requirements, Streptococcus is classified as a _____.",Facultative anaerobe.
Why is Streptococcus considered a fastidious organism regarding culture media?,"It requires enriched media (highly nutritive), such as blood or serum."
What growth phenomenon is observed when Streptococcus is cultured in liquid medium?,Formation of sediment at the bottom.
"Which type of hemolysis is characterized by an incomplete, greenish zone around colonies on blood agar?",$\alpha$-hemolysis.
What defines $\beta$-hemolysis on a blood agar plate?,"Complete hemolysis, appearing as a transparent zone around the colony."
Streptococci that produce no hemolysis are referred to as _____.,$\gamma$-hemolytic (Nonhemolytic) streptococci.
The Lancefield classification system divides streptococci into 20 groups based on which antigen?,Polysaccharide antigen (Group-specific C-substance).
Lancefield groups are designated by letters A through H and _____ through V.,K.
What are the four types of protein antigens used for typing Group A streptococci?,"M, R, T, and S proteins."
Which protein antigen is a major virulence factor and determines type-specificity in Group A streptococci?,M protein.
How does the resistance of Streptococcus compare to nonspore-forming bacteria like Staphylococcus?,It is weaker and more sensitive to antiseptics.
Name two specific antibiotic classes that Streptococcus is typically sensitive to.,Penicillins and sulfonamides.
Which streptococcal enzyme dissolves fibrin clots by transforming plasminogen into plasmin?,Streptokinase (SK).
What is the function of Hyaluronidase in streptococcal pathogenesis?,"It breaks down connective tissue, acting as a ""spreading factor."""
Which enzyme is responsible for liquefying pus by degrading DNA?,Streptodornase (SD).
What are the two types of hemolysins (streptolysins) produced by Streptococcus?,SLO (Streptolysin O) and SLS (Streptolysin S).
Which streptolysin is oxygen-labile and highly antigenic?,Streptolysin O (SLO).
Which streptolysin is oxygen-stable and responsible for surface hemolysis on blood agar?,Streptolysin S (SLS).
Pyrogenic exotoxin is the primary cause of which infectious disease?,Scarlet fever.
What are the two main ways Streptococcus causes disease?,Invasive/pyogenic infection and intoxication.
Name a common localized respiratory infection caused by Group A streptococci.,Streptococcal sore throat (Pharyngitis).
What is the term for a localized streptococcal skin infection?,Streptococcal pyoderma (Impetigo).
Which clinical condition involves a streptococcal infection extending specifically through lymphatic vessels?,Erysipelas.
Subacute endocarditis is most frequently associated with which hemolytic group of streptococci?,$\alpha$-hemolytic streptococci.
What are two major post-streptococcal sequelae (nonsuppurative complications)?,Rheumatic fever and glomerulonephritis.
Immunity against Group A streptococcal infections is _____ specific.,Type.
Immunity against scarlet fever is based on the presence of _____ in the blood.,Specific antitoxins.
Which three specimen types are typically collected for a laboratory diagnosis of Streptococcus?,"Pus, throat swabs, and blood."
What does the abbreviation ASOT stand for?,Anti-Streptolysin O Test.
An ASOT titer greater than _____ is considered a positive standard for recent infection.,$1:400$.
Which antibiotic is the first choice for treating Streptococcus infections?,Penicillin.
What is the primary preventive measure for serious streptococcal complications like rheumatic fever?,Timely treatment of primary infections such as pharyngitis.
What is the optimal pH for the growth of Streptococcus species?,$7.4$.
What is the optimal temperature for the growth of Streptococcus species?,$37 ^\circ C$.
"Besides carbon and nitrogen, what are two additional growth factors needed by Streptococcus?",Vitamins and purines/pyrimidines.
The M protein helps Streptococcus evade the host immune system by resisting _____.,Phagocytosis.
"Which streptococcal group is known as the ""pyogenic streptococcus""?",Group A streptococcus.
"In addition to fever, what is a biological activity of pyrogenic exotoxin?",Increasing sensitivity to endotoxin.
Which streptococcal structure contains the group-specific polysaccharide used in Lancefield typing?,The cell wall.
Which hemolytic group of Streptococcus is often part of the normal oral flora?,$\alpha$-hemolytic streptococci.
The Bile Solubility Test is used to distinguish $\alpha$-hemolytic streptococci from which other pathogen?,Streptococcus pneumoniae.
What type of toxin is erythrogenic toxin considered in terms of its immune mechanism?,A superantigen.
Deep tissue infections characterized by spreading inflammation are known as _____.,Cellulitis.
What is the Gram reaction and morphology of the genus Streptococcus?,Gram-positive cocci.
Streptococcus pyogenes is a common species belonging to which Lancefield group?,Group A.
Which streptococcal enzyme is used clinically to treat myocardial infarction by dissolving clots?,Streptokinase.
"What clinical finding is characterized by a ""strawberry tongue"" and a diffuse red rash?",Scarlet fever.
Does Streptococcus produce the enzyme catalase?,No (it is catalase-negative).
Which component of the Streptococcus cell surface is associated with anti-M protein antibodies?,Pilus-like structures.
"Why is Streptococcus described as an ""invasive"" organism?",It produces enzymes like hyaluronidase and streptokinase that allow it to spread through tissues.
Antibodies against which streptococcal protein provide protection against re-infection by the same type?,M protein.
Which type of Streptococcus is most likely to cause neonatal sepsis and meningitis?,Group B streptococci.
A positive ASOT indicates the presence of antibodies against which virulence factor?,Streptolysin O.
What is the typical appearance of Streptococcus colonies on blood agar before hemolysis is considered?,"Small, semitransparent, or transparent colonies."
Which biochemical process provides the primary energy source for Streptococcus growth?,Fermentation of sugars (Carbon source).
Pyrogenic exotoxins are divided into which three antigenic types?,"Types A, B, and C."
Which Lancefield group antigen is composed of rhamnose and N-acetylglucosamine?,Group A polysaccharide antigen.
Is Streptococcus sensitivity to penicillin usually high or low?,High (highly sensitive).
"What is the main invasive power factor for Streptococcus pneumoniae, distinct from other streptococci?",The capsule.