What are the three primary factors that contribute to airway narrowing in bronchial asthma?,"Bronchial muscle contraction, mucosal swelling/inflammation, and increased mucus production."
"Common precipitants of asthma include cold air, exercise, and allergens such as house dust mites or _____.",pets
Which two classes of medications are specifically noted as common precipitants for asthma attacks?,NSAIDs and beta-blockers.
The diagnosis of asthma is strongly supported by a history of _____ and diurnal variation in symptoms.,atopy
When are asthma symptoms typically at their worst during a 24-hour cycle?,At night or in the early morning.
An obstructive pattern on lung function tests is defined by an $FEV_{1}/FVC$ ratio of less than _____.,$0.7$ (or $70\%$)
What specific increase in $FEV_{1}$ is required following a bronchodilator trial to define 'reversibility' in asthma?,An improvement of $>15\%$ and $200\text{ mL}$.
Asthma is likely if the Peak Expiratory Flow (PEF) shows a diurnal variation of more than _____.,$20\%$
"For an asthma attack to be graded as 'Acute Severe', the Peak Expiratory Flow (PEF) must be between _____ of the predicted value.",$33\text{--}50\%$
What is the heart rate threshold for grading an asthma attack as 'Acute Severe'?,$\ge 110\text{ beats/min}$
What respiratory rate threshold is used to classify 'Acute Severe' asthma?,$\ge 25\text{ breaths/min}$
A patient unable to complete _____ in one breath meets a physical criterion for Acute Severe asthma.,sentences
"In the context of an asthma attack, a Peak Expiratory Flow (PEF) of less than _____ is a life-threatening feature.",$33\%$
What oxygen saturation ($SpO_{2}$) level is classified as a life-threatening feature in acute asthma?,$< 92\%$
"During an acute asthma attack, what does a normal or raised $PaCO_{2}$ indicate?",Respiratory muscle fatigue.
List three life-threatening clinical signs of an asthma attack (excluding $PaCO_{2}$ and PEF).,"Cyanosis, silent chest, and hypotension (or exhaustion)."
What is the target oxygen saturation range for immediate management of acute severe asthma?,$94\text{--}98\%$
What is the standard dose of nebulized salbutamol for immediate treatment of acute severe asthma?,$5\text{ mg}$
Identify the recommended dose for oral prednisolone in the acute management of asthma.,$40\text{ mg}$
Identify the recommended dose for intravenous hydrocortisone in the acute management of asthma.,$200\text{ mg}$
Why is an urgent chest X-ray performed during an acute asthma or COPD exacerbation?,To exclude complications like infection or pneumothorax.
What is the primary cause of Chronic Obstructive Pulmonary Disease (COPD) in most populations?,Tobacco smoking.
"Besides smoking, what are two other recognized causes or risk factors for COPD?",Biomass fuel exposure and Alpha-1 antitrypsin deficiency.
How is 'chronic bronchitis' clinically defined?,Chronic cough and sputum for at least 3 months in 2 consecutive years.
How is 'emphysema' defined histologically?,Enlarged air spaces distal to terminal bronchioles with destruction of alveolar walls.
Chronic hypoxia in COPD can lead to pulmonary hypertension and subsequent _____.,right ventricular failure (cor pulmonale)
What hematological condition develops as a compensation for chronic hypoxia in COPD patients?,Secondary polycythemia.
"If finger clubbing is found in a patient suspected of having COPD, what should be investigated?",Lung cancer or lung fibrosis.
Which single intervention is most critical to reduce the rate of decline in $FEV_{1}$ in COPD?,Smoking cessation.
Inhaled corticosteroids are added to COPD therapy if there are repeated exacerbations or a rise in $FEV_{1}$ of _____ during a steroid trial.,$>15\%$
Under what $PaO_{2}$ threshold is Long-Term Oxygen Therapy (LTOT) indicated for COPD patients?,$< 7.3\text{ kPa}$
"To improve survival in COPD, Long-Term Oxygen Therapy (LTOT) must be used for at least _____ hours per day.",$15$
"During an acute exacerbation of COPD, what is the initial target oxygen saturation ($SpO_{2}$)?",$88\text{--}92\%$
What is the primary risk of using high-flow oxygen in an acute exacerbation of COPD?,Worsening hypercapnia (carbon dioxide retention).
"For acute COPD management, oxygen is typically started at _____ via a Venturi mask.",$24\text{--}28\%$
Which intravenous medication should be considered if an acute COPD exacerbation does not respond to nebulizers and steroids?,Aminophylline
Cigarette smoking is a significant risk factor for Primary Spontaneous Pneumothorax (PSP) due to airway inflammation and _____.,respiratory bronchiolitis
"Compared to non-smokers, how many times higher is the risk of PSP for a male heavy smoker ($>22$ cigarettes/day)?",$102$ times higher.
"Compared to non-smokers, how many times higher is the risk of PSP for a female heavy smoker?",$68$ times higher.
What are the characteristic chest X-ray findings for advanced COPD?,"Hyper-inflated lung fields, hyper-translucency, and flattened hemidiaphragms."
What ECG finding represents right atrial hypertrophy often seen in chronic respiratory disease?,P pulmonale
"According to COPD management guidelines, air travel is considered risky if $FEV_{1}$ is less than _____.",$50\%$
What is the recommended dose and duration for a 'steroid trial' in stable COPD patients?,$30\text{ mg}$ prednisolone daily for $2$ weeks.
"In COPD patients with good left ventricular function, why do they rely on vertical chest expansion and diaphragmatic excursion?",Due to a hyper-inflated chest placing respiratory muscles at a mechanical disadvantage.
Which diagnostic test is essential to exclude a pneumothorax in an acutely dyspneic patient?,Chest X-ray (CXR).
Patients with a depressed mental status from carbon dioxide ($CO_{2}$) retention may paradoxically look _____.,comfortable and lackadaisical
Which anticholinergic bronchodilator is explicitly listed for both chronic COPD management and acute exacerbations?,Ipratropium bromide.
Why is it important to use a spacer when administering inhaled corticosteroids like beclometasone?,To ensure the dose reaches the lungs and minimize local side effects like oral candidiasis.
A 'silent chest' during an acute asthma attack is a sign of _____.,life-threatening severity (indicating very little air movement)
What is the significance of $TL_{CO}$ (transfer factor) in the investigation of COPD?,It is typically reduced due to alveolar destruction.
Identify the two most common pathogens mentioned that trigger acute exacerbations of COPD.,Viruses and bacteria.
Which respiratory stimulant drug may be used as a short-term measure for COPD if NIV is unavailable?,Doxapram
Non-invasive positive pressure ventilation (NIPPV) is considered in acute COPD if the respiratory rate is greater than _____.,$30\text{ breaths/min}$
What pH threshold in an acute COPD patient indicates the need to consider intubation and mechanical ventilation?,$< 7.26$
The aim of Long-Term Oxygen Therapy is to increase the $PaO_{2}$ to at least _____.,$8\text{ kPa}$ (or $60\text{ mmHg}$)