How is a peptic 'ulcer' defined regarding its depth in the mucosa?,It is a break with appreciable depth or histologic evidence of submucosa involvement.
What is the definition of GI 'erosions' compared to ulcers?,Breaks in the surface epithelium that do not have perceptible depth.
Infection with $H. pylori$ is responsible for approximately what percentage of duodenal ulcers?,$\ge 90\%$.
Regular use of NSAIDs increases the risk of gastrointestinal bleeding by how many fold compared to non-users?,$5$ to $6$ fold.
What anatomical landmark separates Upper GI bleeding from Lower GI bleeding?,The Ligament of Treitz.
"According to the UCLA CURE database, what is the most frequent cause of severe Upper GI bleeding?",Peptic ulcer ($38\%$).
Which condition causes UGI bleeding through mucosal tearing due to forceful retching?,Mallory-Weiss tear.
What is the estimated frequency of gastric or esophageal varices as a cause of severe UGI bleeding?,$16\%$.
"Gastric erosions, a common cause of UGI bleeding, are primarily associated with the use of NSAIDs and _____.",Alcohol.
What is the rarest cause of acute upper gastrointestinal hemorrhage listed in the source material?,Aorto-duodenal fistula ($0.2\%$).
The ligament of Treitz is a suspensory muscle that connects the end of the _____ and the beginning of the jejunum.,Duodenum.
What is the quantitative definition of diarrhea based on daily stool weight?,Passage of more than $200$ g of stool daily.
How long must a decrease in stool consistency persist to be classified as 'chronic' diarrhea?,More than $4$ weeks.
"On the Bristol Stool Form Scale, which type is described as 'watery, no solid pieces; entirely liquid'?",Type $7$.
Bristol Stool Form Scale Type $1$ is described as separate hard lumps resembling _____.,Nuts.
Which clinical feature is characteristic of chronic diarrhea originating from the colon?,Blood and mucus in the stool.
A patient presenting with steatorrhea and weight loss likely has diarrhea caused by _____.,Malabsorption.
"Chronic diarrhea characterized by large-volume, watery stool and mid-abdominal pain typically suggests a _____ origin.",Small bowel.
Which inflammatory bowel disease is characterized by 'skip lesions' and a patchy distribution throughout the GI tract?,Crohn's disease.
Where does Ulcerative colitis typically begin before extending proximally?,The anorectal margin.
"In Ulcerative colitis, inflammation is histologically limited to which layer of the bowel wall?",The mucosa.
Which type of IBD is associated with transmural inflammation and deep fissuring ulcers?,Crohn's disease.
What is the effect of an appendicectomy on the risk of developing Ulcerative colitis?,Appendicectomy protects against it.
Which ethnic group has a higher prevalence of Crohn's disease?,Ashkenazi Jews.
Which medication class used for IBD is generally effective for Ulcerative colitis but not for Crohn's disease?,$5$-ASA (Aminosalicylates).
Which specific skin manifestation is shown as a complication of Ulcerative colitis?,Pyoderma gangrenosum.
Clubbing of the fingernails is a physical sign associated with which GI condition?,Malabsorption.
What is the significance of finding 'Virchow's gland' during a neck examination?,It is a sign of gastric cancer.
Atrophic glossitis and angular stomatitis are physical signs of which nutritional deficiency?,Vitamin $B_{12}$ deficiency.
Which specific investigation is used to diagnose pancreatic malabsorption by measuring enzyme levels in the stool?,Faecal elastase.
Acute pancreatitis is characterized by abdominal pain and elevated levels of _____ in the blood.,Pancreatic enzymes.
"In the pancreas, which cells are responsible for secreting alkaline fluid ($HCO_3^-$ + water)?",Ductular cells.
Pancreatic acinar cells secrete digestive enzymes in response to which hormone?,Cholecystokinin (CCK).
What is the primary substrate for the pancreatic enzyme Amylase?,Starch and glycogen.
Which pancreatic enzyme is responsible for breaking down triglycerides into monoglycerides and free fatty acids?,Lipase.
List three proteolytic enzymes produced by the pancreas.,"Trypsinogen, Chymotrypsinogen, and Pro-elastase."
"Abdominal pain located in the epigastric region is common in Peptic Ulcer Disease, Pancreatitis, and _____.",Biliary tract disease.
Pain in the Right Upper Quadrant (RUQ) that is aggravated by fatty foods and radiates to the right shoulder suggests _____.,Biliary colic or Cholecystitis.
What clinical triad (Charcot triad) suggests Ascending Cholangitis?,"RUQ pain, fever/chills, and jaundice."
Abdominal pain that is described as 'burning' and 'aching' is most characteristic of which condition?,Peptic ulcer.
Biliary colic typically presents with pain that lasts for which duration?,Hours to days.
What physical exam finding is defined as periumbilical ecchymosis indicating hemoperitoneum?,Cullen's sign.
"What physical exam finding is defined as flank ecchymosis, often associated with pancreatitis?",Turner's sign.
An 'inspiratory arrest' during RUQ palpation is known as a positive _____ sign.,Murphy's.
"In Acute Liver Failure, what adverse prognostic criteria for mortality is specified?",A predicted mortality rate of $\ge 90\%$.
What INR value is a criterion for referral to a specialized unit for acute liver injury?,INR $> 3.0$.
List the four criteria for transferring a patient with acute liver injury to a specialized unit.,"INR $> 3.0$, hepatic encephalopathy, hypotension after fluid resuscitation, and metabolic acidosis."
"For paracetamol overdose, what specific measurement relationship indicates a need for specialized unit transfer?",Prothrombin time (seconds) $>$ interval (hours) from overdose.
What is the recommended head tilt for nursing a patient with Acute Liver Failure in the ITU?,$20^{\circ}$ head-up tilt.
What intervention is required to protect the airway in severe Acute Liver Failure?,Intubation.
Which diagnostic imaging technique is specifically mentioned for visualizing a normal pancreatic duct?,MRCP (Magnetic resonance cholangiopancreatography).
"Sudden onset of abdominal pain is often associated with perforation, rupture, torsion, or _____.",Bleeding into the peritoneum.
Pain in the Left Lower Quadrant (LLQ) associated with a history of diverticulosis suggests _____.,Sigmoid diverticulitis.
Which condition presents with alternating constipation and diarrhea associated with bloating?,Irritable Bowel Syndrome (IBS).
"Which GI condition is associated with weight loss, older age, and a change in stool caliber?",Colorectal cancer.