What is the diagnostic threshold for random blood glucose concentration in Diabetes Mellitus?,$> 11 \text{ mmol/L}$
True or False: Complications of Type 2 Diabetes Mellitus are often present at the time of diagnosis.,True
Is the absence of glycosuria sufficient to exclude a diagnosis of Diabetes Mellitus?,No
What is the hallmark physiological deficit in Type 1 Diabetes Mellitus?,Absent or near-absent beta cell function.
Which laboratory finding regarding C-peptide is characteristic of Type 1 Diabetes Mellitus?,Absence of C-peptide in the blood.
What are the three essential curative treatment options for Type 1 Diabetes Mellitus?,"Whole pancreas transplantation, islet transplantation, or lifelong insulin treatment."
Under what condition is Metformin recommended for patients with prediabetes?,"BMI $\ge 35 \text{ kg/m}^2$, age $< 60$ years, or women with prior gestational DM."
"In the stepwise management of Type 2 Diabetes Mellitus, what is the standard initial monotherapy?",Metformin
Which medication class does Metformin belong to?,Biguanides
Concept: Thiazolidinediones,Definition: Drugs that overcome insulin resistance (sensitizers). Example: Pioglitazone.
List two examples of Sulfonylureas used to enhance insulin secretion.,Glipizide and Gliclazide.
To which class of insulin secretagogues does Repaglinide belong?,Meglitinides
Name two GLP-1 receptor agonists used in the treatment of Type 2 Diabetes Mellitus.,Exenatide and Liraglutide.
What is the mechanism of action for Sitagliptin and Vildagliptin?,DPP-4 inhibition to enhance insulin secretion.
Which class of drugs lowers glucose by inhibiting alpha-glucosidase in the gut?,"Alpha glucosidase inhibitors (e.g., Acarbose, Voglibose)."
Name two examples of SGLT2 inhibitors.,Empagliflozin and Dapagliflozin.
"When managing Diabetic Ketoacidosis (DKA), what is the target level for blood ketones by 24 hours?",$< 0.3 \text{ mmol/L}$
What is the target venous bicarbonate level indicating resolution of DKA within 24 hours?,$> 18 \text{ mmol/L}$
"If a patient with DKA is not eating or drinking, at what rate should the IV insulin infusion be continued?",$2-3 \text{ U/hr}$
"When transitioning from IV to subcutaneous (SC) insulin, how long should the IV infusion overlap with the first SC injection?",30 minutes to 1 hour.
How is the total daily dose for SC insulin calculated when transitioning from an IV infusion?,Insulin requirement in last 6 hours of infusion $\times$ 4.
What is the typical insulin regimen used for ongoing management after DKA resolution?,Basal-bolus regime.
Hyperglycaemic Hyperosmolar State (HHS) is characterized by severe hyperglycaemia typically exceeding _____.,$30 \text{ mmol/L}$ ($600 \text{ mg/dL}$)
What is the diagnostic threshold for serum osmolality in Hyperglycaemic Hyperosmolar State (HHS)?,$> 320 \text{ mOsmol/kg}$
"In HHS, what is the threshold for significant ketonaemia that must NOT be exceeded?",$< 3 \text{ mmol/L}$
What are the typical arterial pH and bicarbonate levels found in Hyperglycaemic Hyperosmolar State (HHS)?,$\text{pH} > 7.3$ and bicarbonate $> 15 \text{ mmol/L}$.
Compare the onset speed of HHS to that of DKA.,"HHS has a subacute onset, developing over more than 1 day."
List three physical signs of severe dehydration found in patients with HHS.,"Dry tongue, reduced skin turgor, and sunken eyes."
What is the characteristic Jugular Venous Pressure (JVP) finding in a patient with HHS?,JVP is not raised.
"What is the onset time for Rapid-acting insulin analogues (e.g., lispro, aspart)?",$< 0.5 \text{ hours}$
What is the peak duration of Short-acting (soluble/regular) insulin?,$1-4 \text{ hours}$
Which type of insulin has a duration of action lasting $12-30 \text{ hours}$ but possesses a peak at $6-12 \text{ hours}$?,Long-acting bovine ultralente.
Which long-acting insulin analogues are noted for having no peak in their duration of action?,"Glargine, detemir, and degludec."
"In a 'Healthy Diet' for diabetics, what proportion of the plate should consist of non-starchy vegetables?",One-half of the plate.
What are the 'ABCs' of diabetes management?,"Regular A1C test, Blood pressure below $140/90 \text{ mm Hg}$, and Cholesterol control."
What is the typical pattern of Thyroid Stimulating Hormone (TSH) and Free $\text{T}_4$ in thyrotoxicosis?,Low TSH and high Free $\text{T}_4$.
What is the most common cause of primary thyrotoxicosis characterized by infiltrative ophthalmopathy?,Graves' disease
"In Graves' disease, what is the typical shape and size of the thyroid gland enlargement?",Butterfly-shaped and two to three times its normal size.
What cardiovascular physical sign may be heard or felt over the thyroid in Graves' disease?,A bruit or a thrill.
What is the term for the infiltrative dermopathy typically found in Graves' disease?,Pretibial myxedema
What are the three components of infiltrative ophthalmopathy in Graves' disease?,"Proptosis, periorbital swelling, and ophthalmoplegia."
How does subacute thyroiditis typically present on physical examination of the neck?,The thyroid is exquisitely tender and enlarged.
To which areas of the body is pain from subacute thyroiditis often referred?,The jaw or the ear.
What often precedes the onset of subacute thyroiditis symptoms?,An upper respiratory tract infection.
Which laboratory marker is characteristically elevated in subacute thyroiditis but not typically in Graves' disease?,Erythrocyte Sedimentation Rate (ESR).
What are the common causes of toxic nodular hyperthyroidism?,Toxic adenoma or toxic Multinodular Goiter (MNG).
Thyroid storm is a life-threatening exacerbation of hyperthyroidism that can lead to which central nervous system symptoms?,"Delirium, seizures, or coma."
List three gastrointestinal/systemic manifestations of a thyroid crisis.,"Vomiting, diarrhea, and jaundice."
What is the initial pharmacological step in treating a thyroid storm?,Propylthiouracil (PTU) loading dose.
"In the management of a thyroid storm, why is a saturated solution of Potassium Iodide (SSKI) administered after PTU?",To inhibit the release of preformed thyroid hormones.
Which beta-blocker is used in the maintenance treatment of a thyroid storm?,Propranolol
What steroid is included in the treatment protocol for a thyroid storm?,Dexamethasone
Which diagnostic test can distinguish between hyperthyroidism and destructive thyroiditis by measuring blood flow?,Color-flow Doppler ultrasonography.
What is the pathophysiological cause of suppressed TSH in Graves' disease?,Decreased expression of the thyrotropin $\beta$ subunit in the pituitary.
How does Graves' disease affect bone metabolism according to Table 5.3?,It increases bone turnover and leads to osteoporosis.
What effect does Graves' disease have on male genital function?,Decreased libido and erectile dysfunction.
What is the metabolic effect of Graves' disease regarding oxygen use?,Increased thermogenesis and increased $O_2$ use.
Proximal myopathy in Graves' disease is caused by the upregulation of which enzyme in muscle tissue?,Sarcoplasmic reticulum $Ca^{2+}$-activated ATPase.
Which antibody measurement is specific for diagnosing Graves' disease?,TSH receptor antibody (TRAb).
"In the evaluation of thyrotoxicosis, what is the next diagnostic step if TSH is low but unbound $\text{T}_4$ is normal?",Measure unbound $\text{T}_3$ to check for $\text{T}_3$ toxicosis.
What diagnosis is suspected if TSH is normal or increased while unbound $\text{T}_4$ is high?,TSH-secreting pituitary adenoma or thyroid hormone resistance syndrome.
"If a patient has thyrotoxicosis with low radioiodine uptake, what potential causes should be ruled out?","Destructive thyroiditis, iodine excess, or excess exogenous thyroid hormone."
What is the hallmark finding on an isotope scan for toxic nodular hyperthyroidism?,Increased uptake in solitary or multiple nodules.
Name three thyroid autoantibodies that can be tested in thyrotoxicosis evaluation.,"TSH receptor Ab, anti-thyroglobulin Ab, and Anti-thyroperoxidase (TPO)."
"In the context of Graves' disease pathophysiology, what happens to fat mass?",Fat mass decreases due to adrenergic-mediated lipolysis.
What is the primary mechanism by which Graves' disease increases heart rate and contractility?,Increase in serum atrial natriuretic peptide.
True or False: Glycated haemoglobin (HbA1c) is considered a sensitive screening test for Diabetes Mellitus.,True
What is the clinical significance of finding glycosuria in a pregnant woman?,It is significant and requires further investigation for gestational diabetes.
A 35-year-old patient with recent rapid weight loss and polyphagia has no blood C-peptide. What is the most likely diagnosis?,Type 1 Diabetes Mellitus
Do autoimmune factors play a larger role in the pathogenesis of Type 1 or Type 2 Diabetes Mellitus?,Type 1 Diabetes Mellitus
Hereditary factors play a _____ role in Type 2 Diabetes compared to Type 1 Diabetes.,larger
Can persons with Type 1 Diabetes increase endogenous insulin by taking oral hypoglycemic agents?,"No, because they have absent or near-absent beta cell function."
Why might a person with Type 2 Diabetes require higher doses of insulin than a person with Type 1 Diabetes?,Due to significant insulin resistance in Type 2 Diabetes.
"Which condition is suggested by a patient with RBS $25.1 \text{ mmol/l}$, breathless, thirsty, and losing weight over 3 months?",Diabetic Ketoacidosis (DKA)
"In the management of Type 1 DM, what is considered the curative treatment that avoids lifelong insulin but requires immunosuppression?",Whole Pancreas transplantation or islet transplantation.
What is the characteristic duration of action for Long-acting insulin analogues like glargine?,$18-26 \text{ hours}$
At what HbA1C level is 'Stepwise addition' of medications typically initiated in Type 2 DM?,When the patient is above their target HbA1C while on monotherapy.
"In thyroid storm treatment, what is the recommended frequency for saturated solution of KI (SSKI) administration?",Every 6 hours (q6h).
Concept: Subclinical Hyperthyroidism,Definition: A state with low TSH and normal unbound $\text{T}_4$ and $\text{T}_3$ levels.
What follow-up time is recommended for a patient diagnosed with subclinical hyperthyroidism?,6 to 12 weeks.