What is the clinical definition of heart failure?,"A clinical syndrome that develops when the heart cannot maintain adequate output, or can do so only at the expense of elevated ventricular filling pressure."
Which three primary factors determine cardiac output?,"1. Preload
2. Afterload
3. Myocardial contractility"
"In cardiovascular physiology, what defines 'preload'?",The volume and pressure of blood in the ventricles at the end of diastole.
"In cardiovascular physiology, what defines 'afterload'?",The volume and pressure of blood in the ventricles during systole.
What is the key pathophysiological feature and ejection fraction threshold in systolic heart failure?,"Inability of the ventricle to contract normally, defined by an Ejection Fraction (EF) $< 40\%$."
What is the key pathophysiological feature and ejection fraction threshold in diastolic heart failure?,"Inability of the ventricle to relax and fill normally, with a preserved Ejection Fraction (EF) $> 50\%$."
What is the mathematical formula for calculating Left Ventricular Ejection Fraction (EF)?,$\text{EF} = \left( \frac{\text{stroke volume}}{\text{end-diastolic volume}} \right) \times 100$
Which conditions are classified as causes of high-output heart failure?,"• Pregnancy
• Severe anaemia
• Thyrotoxicosis
• Beriberi
• Arteriovenous malformation
• Paget’s disease"
Which heart failure etiology acts via the mechanism of reduced ventricular contractility?,"Myocardial ischaemia or infarction, myocarditis, and cardiomyopathy."
Which conditions cause left heart failure via ventricular outflow obstruction?,Hypertension and aortic stenosis.
Which conditions cause right heart failure via ventricular outflow obstruction?,Pulmonary hypertension and pulmonary stenosis.
Which valvular lesions lead to ventricular inflow obstruction?,Mitral stenosis and tricuspid stenosis.
Which valvular and structural heart diseases cause heart failure through ventricular volume overload?,"• Mitral regurgitation
• Aortic regurgitation
• Ventricular septal defect (VSD)
• Atrial septal defect (ASD)"
Which pathologies cause diastolic dysfunction leading to heart failure?,"• Left ventricular hypertrophy
• Constrictive pericarditis
• Restrictive cardiomyopathy
• Cardiac tamponade"
Examining the valve mechanisms in cardiac cycles below: Diagram comparing heart valve status during diastole and systole Which valves open during diastole to allow ventricular filling?,Tricuspid valve and Mitral valve.
Which pharmaceutical agents can precipitate acute exacerbations of heart failure?,"NSAIDs, glucocorticoids, and verapamil."
What are the primary symptoms associated with Left Ventricular Failure (LVF)?,"Poor exercise tolerance, fatigue, dyspnoea, orthopnea, paroxysmal nocturnal dyspnoea (PND), nocturnal cough ($\pm$ pink frothy sputum), nocturia, and weight loss."
What are the primary symptoms associated with Right Ventricular Failure (RVF)?,"Peripheral oedema (extending to thighs, sacrum, abdominal wall), ascites, nausea, anorexia, and epigastric discomfort."
"Diagram comparing physical signs of left heart failure vs right heart failure Based on the comparison above, which specific physical signs differentiate Right Heart Failure from Left Heart Failure?","Right Heart Failure features markedly raised JVP ($+++$), hepatomegaly, ascites, and severe peripheral pitting oedema ($+++$), whereas Left Heart Failure predominantly features pulmonary oedema, pleural effusions, cardiomegaly, and milder JVP/oedema."
What are the major clinical complications of chronic heart failure?,"• Arrhythmias and sudden death
• Electrolyte imbalances (hypokalaemia, hyperkalaemia, hyponatraemia)
• Renal failure
• Impaired liver function
• Thromboembolism"
"In the standard 'ABCDE' chest X-ray findings for heart failure, what does each letter represent?","• A: Alveolar oedema ('Bat's wings')
• B: Kerley B lines (interstitial oedema)
• C: Cardiomegaly
• D: Dilated prominent upper lobe vessels
• E: Pleural Effusion Diagram of Chest X-ray findings labeled A through E in heart failure"
Chest radiograph showing bilateral perihilar alveolar infiltrates and cardiomegaly What acute cardiac complication is depicted on this chest radiograph?,Acute pulmonary oedema secondary to left heart failure.
Which blood biomarker is elevated in heart failure to assist in diagnosis and monitoring?,B-type natriuretic peptide (BNP).
What are the common side effects of ACE inhibitors (ACEI) in heart failure therapy?,"First-dose hypotension, dry cough, angioedema, hyperkalaemia, and impairment of renal function."
"When initiating ACE inhibitor therapy in a heart failure patient, when must renal function and serum potassium be monitored?",1–2 weeks after starting the ACE inhibitor.
"In heart failure management, when are Angiotensin Receptor Blockers (ARBs) indicated?","For patients who cannot tolerate ACE inhibitors (e.g., due to dry cough)."
Which specific beta-blockers are evidence-based options for treating chronic heart failure?,"Carvedilol, Bisoprolol, and Metoprolol."
What is the primary therapeutic rationale for prescribing beta-blockers in chronic heart failure?,They counteract the deleterious effects of enhanced sympathetic stimulation and reduce the risk of arrhythmias and sudden death.
What are absolute contraindications to starting beta-blocker therapy in heart failure?,Severe asthma/COPD and heart block.
What are recognized adverse effects of beta-blockers in heart failure treatment?,"Nightmares, headache, lethargy, and erectile dysfunction."
"In severe narcotic toxicity with cardiac arrest, how long should CPR be continued?","CPR should continue for at least 1 hour, and even up to several hours."
What are the two urgent indications for administering Naloxone in suspected opioid exposure?,"1. Impaired consciousness
2. Exposure within the last 10 minutes (even if asymptomatic)"
"In opioid toxicity, which clinical presentations require consideration for intensive care referral?","Respiratory depression, airway obstruction, or vomiting with impaired consciousness."
What is the standard intravenous initial dose range of Naloxone for an adult in severe opioid toxicity?,"0.4–2 mg IV, repeated if necessary."
What is the specific therapeutic goal when titrating Naloxone in opioid overdose?,Reversal of respiratory depression and maintenance of airway protective reflexes (not complete reversal of unconsciousness).
"After an adequate initial response to Naloxone, which essential physiological parameters must be monitored?","• Arterial Blood Gas (ABG)
• Oxygen saturation ($SpO_2$)
• Respiratory rate"
Why are repeated doses or a continuous infusion of Naloxone often required during opioid overdose management?,Because the elimination half-life of Naloxone is significantly shorter than that of most opioids.
Into which two major chemical groups are organophosphate insecticides categorized?,"1. Dimethyl compounds (e.g., malathion)
2. Diethyl compounds (e.g., parathion, chlorpyrifos)"
What is the primary cellular mechanism of toxic action in organophosphate poisoning?,"Inhibition of acetylcholinesterase, leading to systemic accumulation of acetylcholine."
By what routes can organophosphate insecticides be absorbed into the body?,"Ingestion, inhalation, dermal exposure, or ocular exposure."
What role do organic solvents play when combined with organophosphate sprays?,They enhance the rate of organophosphate absorption.
When does organophosphate 'Intermediate Syndrome' typically present relative to exposure?,"1–4 days after exposure, after acute cholinergic toxicity has settled."
What is the characteristic early motor symptom of organophosphate Intermediate Syndrome?,Weakness of neck flexors.
"How does muscle weakness progress in organophosphate Intermediate Syndrome, and what intervention may be required?","Progresses to involve cranial nerves, brain stem dysfunction, and ventilatory failure, often requiring mechanical ventilation for several weeks."
What is the typical time frame for resolution of organophosphate Intermediate Syndrome?,It usually resolves within 3 weeks.
What standard concentration mixture is used to prepare an Atropine infusion with a 50 cc syringe pump?,20 ampoules of atropine 0.6 mg + 30 cc of Normal Saline (total 12 mg in 50 cc).
Referring to the standard 50 cc syringe pump Atropine infusion protocol below: Table of Atropine infusion rates based on body weight and dose What infusion rate in ml/hr delivers a dose of $0.04\text{ mg/kg/hr}$ for a $60\text{ kg}$ adult?,10.0 ml/hr.
"Using the 50 cc syringe pump Atropine protocol ($20\text{ amp }0.6\text{ mg} + 30\text{ cc N/S}$), what rate is set for a $40\text{ kg}$ patient at a dose of $0.02\text{ mg/kg/hr}$?",3.3 ml/hr.
"Using the 50 cc syringe pump Atropine protocol ($20\text{ amp }0.6\text{ mg} + 30\text{ cc N/S}$), what rate is set for a $50\text{ kg}$ patient at a dose of $0.06\text{ mg/kg/hr}$?",12.5 ml/hr.
What is the recommended IV loading dose regimen for Pralidoxime (Oxime) in symptomatic organophosphate poisoning?,$30\text{ mg/kg}$ body weight ($2\text{ g}$ in an adult) IV over 20 to 30 minutes.
"Following the IV loading dose, what is the continuous infusion rate and maximum 24-hour dose for Pralidoxime?","Continuous infusion at $8\text{ mg/kg/hour}$ ($0.5\text{ to }1\text{ g/hour}$ in adults), up to a maximum of $12\text{ g}$ in 24 hours."
What is the alternative intermittent bolus regimen for Pralidoxime administration?,"IV loading dose of 1–2 g, followed by repeated IV boluses of 1–2 g after 1 hour and repeated every 10–12 hours."
What are the initial clinical features of acute paracetamol overdose?,"Patients are initially asymptomatic, but may sometimes present with vomiting and right upper quadrant pain."
What severe organ system failures characterize late paracetamol toxicity?,Acute liver failure and renal failure.
At what time post-ingestion should initial blood samples be drawn in an acute paracetamol overdose?,At 4 hours post-overdose (or immediately if more than 4 hours have already elapsed).
Which diagnostic blood tests are essential when evaluating a patient with paracetamol poisoning?,"• Plasma paracetamol concentration
• U&Es, Creatinine, Bicarbonate
• LFTs, Glucose
• FBC and INR"
What is the primary intravenous antidote for paracetamol poisoning?,N-acetylcysteine (NAC).
What is the cellular mechanism of action of N-acetylcysteine in paracetamol overdose?,It acts by replenishing hepatic glutathione stores.
Within what critical time window is N-acetylcysteine administration most effective following paracetamol overdose?,Within 8 hours of the overdose.
How should management proceed for a patient presenting more than 8 hours after an acute paracetamol overdose?,N-acetylcysteine administration should NOT be delayed to await blood concentration results; start NAC immediately.
When can N-acetylcysteine therapy be safely discontinued in paracetamol toxicity?,If the plasma paracetamol concentration is shown to be below the nomogram treatment line.
What defines a 'staggered overdose' of paracetamol?,Multiple ingestions of paracetamol taken over several hours or days (chronic therapeutic excess).
"What oral antidote can be used as an alternative to NAC in paracetamol overdose, and what is its dosing schedule?","Oral Methionine, $2.5\text{ g}$ every 4 hours for a total of four doses."
What is a major clinical limitation of oral Methionine compared to intravenous NAC?,"It may be less effective, especially after delayed presentation."
What definitive intervention must be evaluated in severe paracetamol poisoning resulting in life-threatening hepatic necrosis?,Liver transplantation.