What is the clinical syndrome characterized by the heart's inability to maintain adequate output without elevated ventricular filling pressure?,Heart failure.
"Within the context of cardiac output, _____ is defined as the volume and pressure of blood in the ventricles at the end of diastole.",Preload
"Within the context of cardiac output, _____ is defined as the volume and pressure of blood in the ventricles during systole.",Afterload
What is the primary characteristic of systolic heart failure regarding ejection fraction (EF)?,An ejection fraction of $< 40\%$.
What is the ejection fraction (EF) threshold for heart failure with preserved ejection fraction (HFpEF)?,$\ge 50\%$.
Name three physiological or metabolic conditions that can lead to high-output heart failure.,"Pregnancy, severe anaemia, and thyrotoxicosis."
What classification of heart failure involves both the left and right ventricles?,Biventricular heart failure (Congestive cardiac failure).
Which specific mechanism of heart failure is caused by hypertension or aortic stenosis?,Ventricular outflow obstruction.
Ventricular volume overload in heart failure is typically caused by which type of valvular dysfunction?,Mitral or aortic regurgitation.
Which cardiac arrhythmia is a frequent precipitating factor for acute heart failure?,Atrial fibrillation.
List two pharmacological agents that can precipitate or worsen heart failure by causing fluid retention.,NSAIDs and glucocorticoids.
"Which type of heart failure presents with symptoms such as orthopnea, paroxysmal nocturnal dyspnoea (PND), and a nocturnal cough?",Left ventricular failure (LVF).
What clinical finding is characterized by pink frothy sputum in a patient with severe dyspnoea?,Acute pulmonary oedema.
"Systemic findings such as peripheral pitting oedema, ascites, and hepatomegaly are characteristic of _____ heart failure.",Right ventricular
What is the diagnostic significance of a raised JVP in a patient with ankle oedema?,It indicates systemic venous congestion secondary to right heart failure.
Name the four recognized electrolyte imbalances that occur as complications of heart failure.,"Hypokalaemia, hyperkalaemia, hyponatraemia, and renal failure."
What do Kerley B lines on a chest X-ray represent in a patient with heart failure?,Interstitial oedema.
The 'Bat's wings' appearance on a chest X-ray is diagnostic for which condition?,Alveolar oedema.
Which cardiac investigation is used to determine ejection fraction and detect underlying valvular causes of failure?,Echocardiography.
What is the primary role of loop diuretics like furosemide in the treatment of chronic heart failure?,To reduce preload and relieve symptoms of fluid overload.
Which medication class is specifically known to reduce both preload and afterload while prolonging life in heart failure patients?,ACE inhibitors (ACEI).
What is the most common side effect that causes patients to discontinue ACE inhibitors?,"A dry, non-productive cough."
Name two absolute contraindications to the administration of ACE inhibitors.,Pregnancy and bilateral renal artery stenosis.
Why are beta-blockers like Bisoprolol started at a very low dose in heart failure management?,To avoid initial worsening of failure while slowly counteracting sympathetic stimulation.
Which drug is used for heart rate control in heart failure patients who also have atrial fibrillation?,Digoxin.
List the four classes of medications that reduce mortality in patients with heart failure and reduced ejection fraction (HFrEF).,"ACEI/ARB, Beta-blockers, Spironolactone, and Isosorbide dinitrate + Hydralazine."
"According to NYHA classification, a patient who is comfortable at rest but symptomatic with less than ordinary activity is in Class _____.",III
What are two poor prognostic features in heart failure related to blood chemistry?,Hyponatraemia and renal impairment.
What is the immediate pharmacological intervention for an acute medical emergency of pulmonary oedema?,IV Furosemide $40-80$ mg stat.
"In acute pulmonary oedema management, high-flow oxygen should be avoided if the patient has a history of _____.",COPD
Nitrate infusions are indicated in acute pulmonary oedema only if the systolic blood pressure is $\ge$ _____.,$100$ mmHg.
"What physical sign is described as alternating strong and weak peripheral pulses, signifying severe left ventricular failure?",Pulsus alternans.
The clinical condition requiring immediate reduction in pericardial pressure by pericardiocentesis is _____.,Cardiac tamponade.
What are the three clinical entities included in Acute Coronary Syndrome (ACS)?,"STEMI, NSTEMI, and unstable angina pectoris."
How do troponin levels differ between unstable angina and NSTEMI?,Troponin levels are normal in unstable angina but raised in NSTEMI.
What is the defining ECG criteria for STEMI in two adjacent precordial leads?,ST elevation $\ge 2$ mm.
Describe the classic pain presentation of pericarditis.,Sharp anterior chest pain made worse by inspiration or lying supine and relieved by sitting forward.
A discrepancy in systolic blood pressure of $>20$ mmHg between the right and left upper extremities is a classic sign of _____.,Aortic dissection.
What are the five components of the HEART score used to assess chest pain in the emergency department?,"History, ECG, Age, Risk factors, and Troponin."
"In the context of AMI, what mechanical complication leads to acute mitral regurgitation?",Papillary muscle rupture.
What physical finding is characterized by a 'crunching' sound heard over the mediastinum during systole in esophageal rupture?,Hamman's crunch.
Which diagnostic score variables include ST-segment changes and elevated cardiac markers to predict NSTEMI outcomes?,TIMI risk score.
"Heart failure prognosis is generally poor, with approximately what percentage of patients dying within 5 years?",$25-50\%$.
Which non-pharmacological treatment for heart failure utilizes pacing to coordinate ventricular contraction?,Cardiac resynchronization therapy.
What is the primary electrolyte monitoring requirement 1-2 weeks after starting spironolactone?,Serum potassium (due to risk of hyperkalaemia).
Which medication is an absolute contraindication for a patient with heart failure and a history of severe asthma?,Beta-blockers.
"A patient presenting with acute dyspnoea, pulsus paradoxus, and jugular venous distension most likely has _____.",Pericardial tamponade.
What clinical feature differentiates unstable angina from stable angina?,Unstable angina occurs at rest or with increasing frequency/severity.
"In heart failure, the 'gallop rhythm' refers to the presence of which extra heart sound?",The third heart sound ($S_{3}$).
Which diagnostic marker is used to 'rule in' or 'rule out' myocardial infarction within 1-3 hours of presentation?,Troponin change (delta).
What is the immediate medical management for a suspected aortic dissection prior to surgery?,Control of blood pressure.
True or False: Beta-blockers are used as first-line treatment for acute decompensated heart failure.,False (they are generally avoided until the patient is stable).
What term describes the mobilization of fluid from the limbs into the circulation when a patient lies down?,Nocturia.
"In the management of heart failure, which class of diuretics is primarily used for symptom relief rather than mortality reduction?","Loop diuretics (e.g., furosemide)."
Which valvular heart disease is typically characterized by an 'early diastolic murmur'?,Aortic regurgitation.
What term describes the presence of fine lung crackles and wheeze in a patient with left heart failure?,Cardiac asthma.
Which neurohumoral system activation leads to the 'vicious circle' of sodium and water retention in heart failure?,Renin-angiotensin system.
Explain the role of CPAP in treating acute pulmonary oedema.,It drives fluid out of alveolar spaces and improves ventilation by recruiting more alveoli.
What is the recommended dietary modification regarding salt for patients with severe congestive heart failure?,Avoidance of high-salt foods and added salt.
Which side of the heart is failing if a patient presents with sacral oedema and epigastric discomfort?,The right side (Right Ventricular Failure).
Which pharmacological agent is indicated for heart failure patients who cannot tolerate ACE inhibitors or ARBs?,Vasodilators (Hydralazine + Isosorbide dinitrate).
"In ACS diagnosis, what is the significance of 'pathological Q waves'?",They indicate previous or established myocardial infarction.
What complication of AMI is suspected in a patient who develops a new pansystolic murmur $2-7$ days after the event?,Ventricular septal rupture or papillary muscle rupture.
Which NYHA class includes patients with heart disease but no undue dyspnoea from ordinary activity?,Class I.
What is the significance of the 'delta' troponin level at 0 and 3 hours in the emergency room?,It differentiates acute myocardial injury from chronic elevations.
List three common arrhythmias that can complicate an acute myocardial infarction.,"Atrial fibrillation, ventricular tachycardia, and complete heart block."
What is the most common cause of cardiogenic shock in the clinical setting?,Acute myocardial infarction with extensive loss of viable myocardium.
Which electrolyte imbalance is frequently associated with the use of loop diuretics and can trigger arrhythmias?,Hypokalaemia.
What is the treatment of choice for a patient with STEMI presenting within 12 hours of symptom onset?,Percutaneous coronary intervention (PCI) or thrombolysis.
A 'triple rhythm' on heart auscultation in an elderly patient with dyspnoea is most likely an _____ sound.,$S_{3}$ (third heart)
What is the prognostic significance of hyponatraemia in a heart failure patient?,It is a feature associated with a poor prognosis and severe disease.
Why is alcohol abstinence required for patients with alcohol-induced cardiomyopathy?,To prevent further direct myocardial damage and allow for potential recovery.
Which cardiac investigation can identify regional wall motion abnormalities following an AMI?,Echocardiography.
What are the three main objectives in the general management of chronic heart failure?,"Identify/treat the underlying cause, treat/avoid precipitating factors, and apply pharmacological/non-pharmacological therapy."
Isosorbide dinitrate acts as a _____ to reduce preload.,Venodilator