"What is the provisional vascular diagnosis for a patient presenting with sudden onset of a cold, pale, and painful lower limb with absent distal pulses?",Acute Ischemic Limb
What are the three primary etiology categories for an acute ischemic limb?,"1. Embolism
2. Thrombosis
3. Trauma"
What four key physical examination findings point directly to a diagnosis of acute limb ischemia?,"1. Loss of pulsation
2. Pallor
3. Tenderness
4. Coldness"
Which imaging modality is considered the gold standard investigation to confirm acute limb ischemia and map arterial occlusion?,CT Angiogram (CTA)
What immediate surgical management strategy is indicated for acute embolic limb ischemia?,Urgent consultation with a vascular surgeon for possible embolectomy and vascular repair.
What underlying cardiac condition is a classic cause of embolic acute lower limb ischemia?,Atrial Fibrillation (frequently secondary to Mitral Stenosis)
How is the Ankle-Brachial Pressure Index (ABPI) calculated?,"$\text{ABPI} = \frac{\text{Highest pressure in DP, PT, or peroneal artery}}{\text{Highest brachial systolic pressure}}$"
What is the normal resting value range for the Ankle-Brachial Pressure Index (ABPI)?,0.9 – 1.3
An Ankle-Brachial Pressure Index (ABPI) value of $< 0.9$ indicates what clinical condition?,Intermittent Claudication
An Ankle-Brachial Pressure Index (ABPI) value of $< 0.5$ signifies what stage of arterial disease?,Rest pain (Critical Limb Ischemia)
An Ankle-Brachial Pressure Index (ABPI) value of $< 0.3$ indicates what critical threat to the extremity?,Imminent tissue necrosis / gangrene
What does an Ankle-Brachial Pressure Index (ABPI) reading of $> 1.3$ indicate?,"Non-compressible, heavily calcified arteries (commonly seen in diabetic patients)"
Which arterial pressure reading is used as the numerator in the ABPI calculation?,"The highest systolic pressure obtained from the dorsalis pedis (DP), posterior tibial (PT), or peroneal artery."
Which arterial pressure reading is used as the denominator in the ABPI calculation?,The highest brachial artery systolic pressure.
"For short segment arterial stenosis in chronic limb ischemia, what intervention is preferred?",Endovascular intervention with stenting
"For long segment arterial stenosis or occlusion in chronic limb ischemia, what intervention is required?",Surgical bypass procedure
What non-invasive imaging modality is routinely used first to map lower limb arterial stenosis and occlusions?,Duplex Ultrasonography
How does the 5-year success rate of a synthetic PTFE bypass graft compare to an autologous vein bypass?,"PTFE bypass grafts have poorer long-term outcomes, with a 5-year success rate of $< 50\%$."
What triad of clinical features defines Thromboangiitis obliterans (Buerger's disease)?,"1. Occlusive disease of small- and medium-sized arteries
2. Superficial or deep thrombophlebitis
3. Raynaud's phenomenon"
What is the typical patient demographic profile for Buerger's disease (Thromboangiitis obliterans)?,Male smokers under 30 years of age
What is the characteristic histological finding in Thromboangiitis obliterans?,Inflammatory changes in the walls of small- and medium-sized arteries and veins leading to vascular thrombosis.
What single lifestyle modification is essential to halt the progression of Buerger's disease?,Total and complete abstinence from tobacco smoking
Under what condition is an above-knee amputation preferred for healing prognosis?,In non-ambulatory patients who have no prospect or potential of walking again.
What ongoing medical therapy is indicated postoperatively for vascular protection after ischemic limb management?,Long-term antiplatelet therapy (or anticoagulation) along with lifestyle modification.
"In a patient presenting with an acutely pale, cold leg, absent popliteal pulses indicate arterial occlusion at or above which anatomical level?",Popliteal Artery or Superficial Femoral Artery (SFA)
Why are calcified arteries in diabetic patients problematic when interpreting ABPI values?,"Arterial wall stiffness prevents cuff compression, giving falsely high ABPI readings ($> 1.3$)."
What is the primary role of CT Angiography (CTA) in evaluating peripheral arterial disease?,"To provide detailed anatomical mapping of stenosis, occlusions, and distal runoff prior to revascularization."
"In lower limb arterial mapping, what notation is used on duplex schematics to represent stenosis vs. occlusion?","An asterisk ($\text{*}$) denotes stenosis, whereas a filled-in lumen denotes complete occlusion."
"In vascular anatomical diagrams, what does the abbreviation CFA stand for?",Common Femoral Artery
"In vascular mapping, what do the acronyms SFA and DFA represent?","SFA = Superficial Femoral Artery
DFA = Deep Femoral Artery (Profunda Femoris)"
"In lower extremity arterial mapping, what do the abbreviations AKP and BKP stand for?","AKP = Above-Knee Popliteal
BKP = Below-Knee Popliteal"
What are the three terminal branch arteries of the leg distal to the popliteal artery?,"1. Anterior Tibial Artery (ATA)
2. Posterior Tibial Artery (PTA)
3. Peroneal Artery (PER)"
"In lower limb vascular anatomy, what vessel connects the popliteal artery to the origins of the posterior tibial and peroneal arteries?",Tibioperoneal Trunk (TPT)
"In acute limb ischemia, preserving motor function and intact sensation indicates what clinical viability status?",A viable or marginally threatened limb capable of complete recovery with prompt revascularization.
Why is rapid revascularization essential in acute embolic limb ischemia?,To prevent irreversible skeletal muscle necrosis and permanent nerve damage.
What is the most common cardiogenic source of arterial emboli causing acute limb ischemia?,Left atrial appendage thrombus associated with Atrial Fibrillation.
How does an acute embolic arterial occlusion differ clinically from an acute thrombotic occlusion?,Embolism presents abruptly without prior claudication or collaterals; thrombosis occurs on pre-existing atherosclerotic disease with collateral networks.
What key angiographic finding distinguishes an embolus from a thrombus?,"An embolus displays a sharp, rounded cut-off in a relatively normal vessel, whereas a thrombus shows irregular tapering over widespread calcification."
What is the main therapeutic goal of performing a Fogarty catheter embolectomy?,To extract the acute embolus and secondary propagated thrombi from the arterial lumen.
What postoperative monitoring is required following surgical revascularization of an acutely ischemic limb?,"Checking distal pulses, capillary refill, monitoring for compartment syndrome, and assessing urine output and electrolytes for reperfusion injury."
What acute complication can arise after revascularization due to ischemic tissue edema within tight fascial compartments?,Reperfusion Compartment Syndrome
What is the definitive surgical procedure to relieve acute compartment syndrome in a revascularized lower limb?,Fasciotomy (surgical incision of fascial compartments)
What systemic metabolic consequences occur when damaged muscle products wash out after revascularization?,"Reperfusion injury causing hyperkalemia, metabolic acidosis, and myoglobinuria (leading to acute renal failure)."
"In chronic peripheral arterial disease, how is intermittent claudication defined?",Ischemic muscle pain induced by exercise and consistently relieved by a short period of rest.
How does rest pain typically present in severe chronic limb ischemia?,"Severe, burning distal foot pain occurring at night when supine, relieved by dangling the foot over the side of the bed."
Why does dangling the foot dependency relieve ischemic rest pain in advanced PAD?,Gravity increases hydrostatic pressure and improves perfusion through ischemic distal capillaries.
What skin color change occurs when an severely ischemic foot is elevated versus lowered?,Elevation pallor (paleness when raised) and dependent rubor (deep red/purple discoloration when lowered).
What are the major modifiable risk factors for developing Peripheral Arterial Disease?,"Tobacco smoking, diabetes mellitus, hypertension, and hyperlipidemia."
How does diabetes mellitus alter the anatomical distribution of Peripheral Arterial Disease?,It causes infrapopliteal/distal vessel disease (crural arteries) and accelerates vessel calcification.
What is the key structural difference between primary intention and secondary intention wound healing?,Primary intention closes clean incised wound margins with sutures; secondary intention leaves the wound open to heal via granulation and contraction.
"According to Gurtner and Wong (2014), what is the definition of wound healing?",The response of an organism to a physical disruption of a tissue/organ to re-establish homeostasis and stabilize overall physiology.
What general categories are used to classify surgical wounds?,"1. Closed vs Open
2. Acute vs Chronic
3. Healing vs Non-healing
4. Clean vs Contaminated/Septic"
"In traumatic brain injury, how is Cerebral Perfusion Pressure (CPP) calculated?",$\text{CPP} = \text{Mean Arterial Pressure (MAP)} - \text{Intracranial Pressure (ICP)}$
What initial compensatory mechanism maintains normal ICP in the presence of an expanding intracranial mass?,Reduction in intracranial venous blood volume and displacement of CSF into the spinal canal.
"In acute trauma primary survey, why is CT head scan omitted from the primary survey?",CT scan is an adjunct imaging test performed ONLY after completing primary survey (ABCDE) and achieving resuscitation stability.
"In acute pancreatitis, what serum amylase elevation threshold supports diagnosis?","Greater than 3 times the upper limit of normal (or $> 1000\text{ IU}$), typically returning to normal within 72 hours."
Why is serum lipase superior to serum amylase for diagnosing acute pancreatitis?,"Serum lipase is more sensitive and specific, and stays elevated longer than serum amylase."
"On abdominal plain X-ray, what localized dilated bowel loop sign suggests acute pancreatitis?",Sentinel loop sign (or colonic cut-off sign)
Failure of complete embryological obliteration of the thyroglossal duct leads to what neck mass?,Thyroglossal Cyst
What clinical sign distinguishes a thyroglossal cyst from a thyroid gland mass on examination?,"A thyroglossal cyst moves upward on tongue protrusion, whereas a thyroid mass does not."
What muscle divides the neck into anterior and posterior triangles?,Sternocleidomastoid muscle
Which major cervical lymph node chain runs adjacent to the internal jugular vein?,Jugular (deep cervical) lymph nodes
"In chest trauma management, what immediate decompression is required for tension pneumothorax?",Immediate needle thoracotomy / puncture
An initial chest tube blood drainage of $\ge 1.5\text{ L}$ ($1500\text{ mL}$) indicates the need for what surgical intervention?,Emergency Thoracotomy
"If the water column in a chest drain tube stops oscillating postoperatively, what three causes should be checked?","1. Tube blockage
2. Tube kinking
3. Tube dislodgement"
What clinical condition is identified when gas shadow is seen in soft tissue planes on a chest radiograph?,Subcutaneous emphysema
What pulse examination step is mandatory when assessing a patient for suspected acute limb ischemia?,Palpating and comparing peripheral pulses on BOTH the affected and contralateral normal limbs.
"What physical examination finding indicates advanced, unsalvageable muscle necrosis in acute limb ischemia?",Rigid muscle rigor / contracture and fixed paralysis.
What duration distinguishes acute limb ischemia from chronic critical limb ischemia?,"Acute limb ischemia develops within $< 2\text{ weeks}$ (often hours), whereas chronic critical limb ischemia lasts $> 2\text{ weeks}$."
What immediate intravenous drug is administered upon diagnosing acute limb ischemia to stop clot propagation?,Unfractionated Heparin (intravenous bolus and infusion)
What minimally invasive catheter treatment option dissolves acute thrombi in a viable limb?,Catheter-Directed Thrombolysis (CDT)
Where does the Common Femoral Artery bifurcate into the SFA and DFA?,"In the femoral triangle, inferior to the inguinal ligament."
What anatomical vessel name does the Superficial Femoral Artery assume after exiting the adductor hiatus?,Popliteal Artery
Which lower leg artery continues over the ankle joint as the Dorsalis Pedis Artery?,Anterior Tibial Artery (ATA)
Which lower leg artery passes behind the medial malleolus to supply the plantar surface of the foot?,Posterior Tibial Artery (PTA)
What diagnostic lower extremity vascular map schematic is depicted below?,Duplex Arterial Map of Lower Limb Arteries (Figure 16-15)