What is the primary medication indicated for an ischemic stroke if the patient meets criteria for thrombolysis?,Recombinant tissue plasminogen activator (r-tPA).
"In the management of a hemorrhagic stroke, what is the purpose of administering IV mannitol?",To reduce intracranial pressure.
"For a patient with a hemorrhagic stroke, what specialist referral is required to address the hematoma?",Neurosurgeon.
"According to the acute stroke algorithm, what is the maximum time window for administering IV tPA?",$\le 4.5\text{ hours}$ from symptom onset.
What is the age requirement for a patient to be eligible for recombinant tissue plasminogen activator (rtPA) treatment in AIS?,$\ge 18\text{ years}$.
Which imaging result is a prerequisite for administering rtPA to ensure the patient does not have an intracranial hemorrhage?,A brain CT scan showing no hemorrhage.
What specific NIHSS score range is required for tPA eligibility between $3$ and $4.5\text{ hours}$?,$4 - 25$.
A sustained blood pressure above what threshold is a contraindication for rtPA treatment?,$> 185/110\text{ mmHg}$.
How long must a patient wait after a major surgery before they are eligible for rtPA treatment?,$14\text{ days}$.
Which gastrointestinal event within the preceding $21\text{ days}$ acts as a contraindication for rtPA?,Gastrointestinal bleeding.
What is the target blood pressure for patients undergoing tPA or IA thrombectomy?,$< 180/105\text{ mmHg}$.
What is the maximum time window for IA/endovascular thrombectomy in anterior circulation strokes?,$< 8\text{ hours}$.
What is the maximum time window for IA/endovascular thrombectomy in posterior circulation strokes?,$< 24\text{ hours}$.
"In stroke management, what does the acronym 'LVO' stand for?",Large vessel occlusion.
"Following tPA or IA thrombectomy, when is the recommended time for a follow-up brain CT scan?",Within $24\text{ hours}$.
What is the target 'Door to Needle' time for acute stroke management?,$1\text{ hour}$.
What is the recommended secondary prevention treatment for a stroke patient with atrial fibrillation?,Warfarin or oral anticoagulants.
"For primary stroke prevention in a patient with hypertension, what is the indicated treatment?",Antihypertensive medication.
Which medication class is used for primary stroke prevention in 'high-risk' populations or those with hyperlipidemia?,HMG-CoA reductase inhibitors (Statins).
What is the indicated prevention strategy for stroke in patients with diabetes mellitus or vascular disease?,ACE inhibitors.
What procedure is considered for primary stroke prevention in patients with asymptomatic carotid stenosis of $60\% - 99\%$?,Carotid endarterectomy.
Which two antiplatelet agents are combined for evidence-based secondary prevention of recurrent stroke?,Aspirin and Clopidogrel.
"In the subacute and chronic setting, how is secondary stroke prevention achieved for patients with symptomatic carotid stenosis of $70\% - 99\%$?",Carotid endarterectomy.
What is the common underlying mechanism of hemorrhagic transformation in an embolic or large infarct?,Recanalization or increased collateral circulation through damaged blood-brain barrier vessels.
Hemorrhagic transformation typically occurs within how many weeks of an initial infarction?,Within $3\text{ weeks}$.
What management step is required if a stroke patient experiences a moderate to large hemorrhagic transformation with mass effect?,Discontinue antiplatelet agents and control increased intracranial pressure (IICP).
"Which imaging modality is used to detect 'Bat's wings' in pulmonary oedema, though often secondary to stroke complications?",Chest X-ray.
What type of aneurysm rupture is the most common cause of intracerebral hemorrhage (ICH)?,Charcot-Bouchard microaneurysm.
What is the most likely diagnosis for a patient with recurring seizures lasting $20\text{ minutes}$ without regaining consciousness?,Status Epilepticus.
"In the management of Status Epilepticus, which metabolic trigger should be corrected with IV glucose?",Hypoglycemia.
Which medication is used to correct hyponatremia during a Status Epilepticus emergency?,IV $0.9\%\text{ NS}$ or Hypertonic NS.
What is the indicated treatment for hypocalcemia in a seizing patient?,Calcium gluconate.
Which medication is administered to correct hypomagnesemia in Status Epilepticus?,Magnesium Sulphate ($MgSO_{4}$).
What is the first-line medication and dose for stopping active seizures in the emergency department?,IV Lorazepam $4\text{ mg}$.
"Following the first step, what dose of IV Phenytoin is given to control Status Epilepticus?",$15\text{ mg/kg}$ at a rate of $50\text{ mg/min}$.
"If seizures persist for more than $30 - 60\text{ minutes}$ despite initial therapy, where should the patient be admitted?",Intensive Care Unit (ICU).
What is the ultimate step for controlling refractory seizures if pharmacological steps fail?,Control under general anesthesia (GA) and a ventilator.
"In the provided case study, what was the patient's Glasgow Coma Scale (GCS) score?","$12/15$ (E-3, V-4, M-5)."
What is the most common use of a lumbar puncture (LP) in patients with fever and altered mental status?,To diagnose or exclude meningitis.
Which condition is a recognized 'non-urgent' indication for performing a lumbar puncture?,Idiopathic intracranial hypertension (pseudotumor cerebri).
What is a mandatory investigation for bacterial meningitis unless contraindications are present?,Lumbar puncture.
Why is a CT scan required before a lumbar puncture in a drowsy patient with focal neurological signs?,To exclude a mass lesion and avoid the risk of coning.
What essential action must be taken if a lumbar puncture is deferred in a case of presumed meningitis?,Take blood cultures and start empirical treatment.
What is the typical appearance of CSF in bacterial meningitis?,Cloudy or turbid.
Which cell type is significantly elevated (often $> 1000 \times 10^{6}\text{ /L}$) in the CSF during bacterial meningitis?,Neutrophils.
How do protein and glucose levels typically change in the CSF of a patient with bacterial meningitis?,Protein is significantly elevated and glucose is reduced.
Which technique can identify bacterial DNA in both blood and CSF?,PCR (Polymerase Chain Reaction).
What are the common bacterial causes of meningitis in neonates?,"Gram-negative bacilli (E. coli), Group B streptococci, and Listeria monocytogenes."
"In India, what are the two most common causes of bacterial meningitis, particularly in children?",*Haemophilus influenzae B* and *Streptococcus pneumoniae*.
Which organism is currently the most common cause of bacterial meningitis in Western Europe?,*Neisseria meningitidis* (Meningococcus).
Which rare zoonotic cause of meningitis is associated with porcine contact?,*Streptococcus suis*.
What complication of meningitis can lead to the obstruction of CSF flow and subsequent hydrocephalus?,Pus formation and inflammatory cell infiltration of the pia-arachnoid membrane.
What is a frequent sensory complication following an episode of bacterial meningitis?,Hearing loss.
What vascular complication can arise in meningitis from an obliterative endarteritis of leptomeningeal arteries?,Secondary cerebral infarction.
Which type of meningitis is associated with very purulent CSF and high mortality in older adults?,Pneumococcal meningitis (*Streptococcus pneumoniae*).
What are the four usual presenting clinical features of meningitis?,"Headache, drowsiness, fever, and neck stiffness."
What is the primary mechanism of injury in hypertensive hemorrhage?,"Bleeding from small ($\sim 30 - 100\text{ \mu m}$) vessels in the putamen, thalamus, or pons."
"Amyloid angiopathy is associated with which neurological condition, usually in patients older than $60\text{ years}$?",Dementia.
Which location is most commonly involved in Charcot-Bouchard microaneurysm rupture due to hypertension?,Lenticulostriate vessels.
What is the clinical presentation of a subarachnoid hemorrhage (SAH)?,"Acute, 'worst headache of life'."
What is the typical imaging 'shape' of an epidural hematoma on a CT scan?,Lentiform.
What is the typical imaging 'shape' of a subdural hematoma on a CT scan?,Crescent.
Which type of intracranial hemorrhage conforms to the ventricular shape on imaging?,Intraventricular hemorrhage.
"In the GCS, a 'V-4' verbal response score indicates what state?",Confused.
"In the GCS, an 'E-3' eye-opening score indicates opening to what stimulus?",Sound/Speech.
What long-term management aim follows the stabilization of an acute stroke?,Rehabilitation and secondary prevention.
What is the indicated secondary prevention treatment for a stroke caused by small vessel disease?,Antiplatelet therapy.
When should long-term oral anticoagulants (OA) be started following a large infarction with AFib?,After $1 - 2\text{ weeks}$ if the patient is stable.
Which condition is a 'non-urgent' indication for LP besides pseudotumor cerebri?,Normal pressure hydrocephalus.
What are the common bacterial causes of meningitis in pre-school children?,"*Haemophilus influenzae*, *Neisseria meningitidis*, and *Streptococcus pneumoniae*."
What is a 'less common' bacterial cause of meningitis in older children and adults?,*Listeria monocytogenes* or *Mycobacterium tuberculosis*.
"Which imaging modality is used to detect carotid stenosis (e.g., $70\% - 99\%$) for potential endarterectomy?",Carotid duplex sonography.
What is the recommended maintenance plan after Status Epilepticus is controlled?,"Admit to HDU, treat with AEDs, and consult a neurologist."
"In acute confusional states, what must be excluded before performing a lumbar puncture?",Risk of brain herniation.
Which imaging sequence in MRI is specifically mentioned for identifying stroke duration and location?,DWI (Diffusion-Weighted Imaging).
What is the primary goal of secondary prevention regarding lifestyle in stroke patients?,"Cessation of smoking, moderation of alcohol, and regular exercise."