What is the typical clinical presentation and duration of morning stiffness in a patient with suspected Rheumatoid Arthritis?,Symmetrical small joint pain and swelling (typically involving MCP and PIP joints) accompanied by early morning stiffness lasting over 30–60 minutes for a duration of at least 6 weeks to 6 months.
"Which specific small joints of the hand are characteristically affected by Rheumatoid Arthritis, and which joints are typically spared?","Rheumatoid Arthritis characteristically affects the Metacarpophalangeal (MCP) and Proximal Interphalangeal (PIP) joints, while characteristically sparing the Distal Interphalangeal (DIP) joints."
What is the structural deformity known as 'Swan Neck Deformity' in Rheumatoid Arthritis?,Hyperextension at the Proximal Interphalangeal (PIP) joint combined with flexion at the Distal Interphalangeal (DIP) joint.
What structural joint changes define a 'Boutonnière Deformity' in hand examination?,Flexion at the Proximal Interphalangeal (PIP) joint combined with hyperextension at the Distal Interphalangeal (DIP) joint.
How does a 'Z-deformity' of the thumb present in Rheumatoid Arthritis?,Fixed flexion at the Metacarpophalangeal (MCP) joint with hyperextension at the Interphalangeal (IP) joint of the thumb.
What classic hand alignment abnormality occurs at the metacarpophalangeal joints in longstanding Rheumatoid Arthritis?,Ulnar deviation (ulnar drift) of the fingers.
List four extra-articular manifestations that can occur in patients with severe Rheumatoid Arthritis.,"1. Subcutaneous rheumatoid nodules
2. Ocular inflammation (episcleritis, scleritis, scleromalacia)
3. Peripheral neuropathies (e.g., mononeuritis multiplex, entrapment neuropathies)
4. Muscle wasting"
Which autoantibody is more specific than Rheumatoid Factor (RF) for diagnosing Rheumatoid Arthritis?,Anti-Cyclic Citrullinated Peptide (Anti-CCP) antibody / Anti-Citrullinated Protein Antibody (ACPA).
What are the three classic findings on plain hand X-rays in early-to-moderate Rheumatoid Arthritis?,"1. Periarticular osteoporosis (juxta-articular osteopenia)
2. Marginal joint erosions
3. Symmetrical joint space narrowing"
What validated clinical score is routinely used to quantify disease activity and guide treatment escalation in Rheumatoid Arthritis?,DAS 28 (Disease Activity Score assessing 28 specific joints).
Name four conventional synthetic Disease-Modifying Antirheumatic Drugs (DMARDs) used in managing Rheumatoid Arthritis.,"1. Methotrexate
2. Sulfasalazine
3. Leflunomide
4. Hydroxychloroquine"
"In a patient presenting with polyarthritis, what synovial fluid pattern is expected on joint aspiration in Rheumatoid Arthritis?","An inflammatory pattern characterized by translucent, yellow fluid with elevated WBC count ($2,000 - 50,000/\mu\text{L}$ with predominant neutrophils) and absence of crystals or microorganisms."
What is the peak age of onset and typical demographic group affected by Systemic Lupus Erythematosus (SLE)?,"Peak onset occurs between 16 and 55 years of age, with a 3- to 4-fold higher prevalence in non-Caucasian females (especially African-American and Asian populations)."
Which autoantibody test serves as the most sensitive screening test for Systemic Lupus Erythematosus (SLE)?,Antinuclear Antibody (ANA) assay using HEp-2 human epithelial cells.
How can a patient with clinical SLE present with an ANA-negative laboratory test due to autoantibody specificity?,"When the autoantibodies are directed exclusively against cytoplasmic antigens such as anti-SS-A/Ro or anti-ribosomal P, rather than nuclear antigens captured by the standard HEp-2 assay."
Why can severe proteinuria cause a false-negative ANA result in a patient with active lupus nephritis?,Massive urinary loss of immunoglobulins depletes serum Igs required to bind HEp-2 substrate cells during testing; ANA typically converts to positive following immunosuppressive treatment.
"Besides antibody specificity and severe proteinuria, name two clinical scenarios where a patient with confirmed SLE may test ANA-negative.","1. Following cytotoxic/immunosuppressive therapy
2. During complete disease remission"
How do C-reactive protein (CRP) levels typically behave during an uncomplicated flare of Systemic Lupus Erythematosus?,CRP levels are usually normal or only modestly elevated ($< 6$ times the upper limit of normal) during an active SLE flare.
"In a patient with SLE presenting with fever, what does a CRP level $> 6$ times the upper limit of normal strongly indicate?","Co-existing bacterial infection, systemic vasculitis, or significant serositis."
How does the total White Blood Cell (WBC) count differ between an isolated SLE flare and a co-existing bacterial infection?,"An SLE flare typically causes leukopenia (lymphopenia/neutropenia), whereas a bacterial infection causes leukocytosis or a normal total WBC count relative to a low baseline."
What finding on a WBC differential count suggests bacterial infection in an SLE patient who maintains a normal total leukocyte count?,A 'left shift' (increased percentage of immature neutrophilic band forms).
How do serum complement levels ($C3$ and $C4$) change during an acute SLE flare versus an acute bacterial infection?,"Complement levels drop (hypocomplementemia) during an SLE flare due to immune-complex consumption, whereas complement levels rise or remain normal during an infection as acute-phase reactants."
Which lab biomarkers are most helpful in differentiating acute bacterial infection from a disease flare in a febrile SLE patient?,Elevated serum procalcitonin level and elevated serum lactate level.
What common immunogenetic marker is shared across the spectrum of seronegative spondyloarthropathies?,HLA-B27.
What pattern of joint involvement characteristically defines peripheral arthritis in seronegative spondyloarthropathies?,Asymmetrical inflammatory oligoarthritis affecting lower limbs more than upper limbs.
What is the pathological hallmark lesion site in seronegative spondyloarthropathies?,"Enthesitis (inflammation at tendon, ligament, or joint capsule insertions into bone, e.g., Achilles tendonitis or plantar fasciitis)."
"What is dactylitis, and in which conditions is it commonly observed?","Uniform, diffuse 'sausage-like' swelling of an entire finger or toe; hallmark feature of seronegative spondyloarthropathies (especially Psoriatic Arthritis and Reactive Arthritis)."
Which MRI finding is diagnostic of active osteitis in sacroiliitis and axial spondyloarthritis?,Subchondral bone marrow edema on T2-weighted fluid-sensitive MRI sequences.
List four disease entities included under the spectrum of Spondyloarthritis (SpA).,"1. Axial spondyloarthritis (nr-axSpA and radiographic axSpA / Ankylosing Spondylitis)
2. Psoriatic arthritis
3. Reactive arthritis
4. Enteropathic arthritis (IBD-associated arthritis)"
What clinical features distinguish 'inflammatory back pain' from mechanical back pain in patients with Axial Spondyloarthritis?,"Insidious onset before age 40, marked morning stiffness lasting $> 30$ minutes, improvement with physical activity/exercise, and aggravation by rest."
What is the prevalence of HLA-B27 positivity in patients with confirmed Ankylosing Spondylitis?,Greater than $95\%$.
"What is the most common ocular extra-articular manifestation of Ankylosing Spondylitis, and how frequently does it occur?","Acute anterior uveitis (iridocyclitis), occurring in approximately $25\%$ of patients."
What genitourinary feature is reported in up to $80\%$ of male patients with axial spondyloarthritis?,Prostatitis (often chronic or subclinical) and sterile urethritis.
What cardiac structural complication occurs in up to $20\%$ of patients with longstanding Ankylosing Spondylitis?,Aortic root disease (aortic root dilatation causing aortic incompetence and cardiac conduction defects).
What rare pulmonary complication can develop late in the course of severe Ankylosing Spondylitis?,Atypical upper-lobe pulmonary fibrosis.
What percentage of patients with axial spondyloarthritis exhibit microscopic or clinical Inflammatory Bowel Disease (IBD) mucosal lesions?,Up to $50\%$ of patients.
"What diagnostic classification standard is used to confirm Psoriatic Arthritis, and what point threshold is required?",The CASPAR criteria (Classification Criteria for Psoriatic Arthritis); requires $\ge 3$ points in the presence of inflammatory articular disease.
"Under the CASPAR criteria for Psoriatic Arthritis, how many points are assigned to current active psoriasis?",2 points (versus 1 point for historical or family history of psoriasis).
How do plain X-ray features of Psoriatic Arthritis differ from those seen in Rheumatoid Arthritis?,"Psoriatic Arthritis shows proliferative joint erosions with marked juxta-articular new bone formation, osteosclerosis, and an ABSENCE of periarticular osteoporosis (unlike RA, which shows periarticular osteoporosis)."
In Panel A of the clinical photograph below: Clinical photographs showing diffuse digit swelling in panel A and DIP joint arthritis with nail changes in panel B What specific manifestation of psoriatic arthropathy is demonstrated in the middle digit?,Dactylitis ('sausage finger').
"In Panel B of the clinical photograph below: Clinical photograph showing fingernails with severe dystrophy, pitting, and DIP joint expansion Identify the two specific nail dystrophy changes visible on the digits.",Nail pitting and onycholysis (associated with distal interphalangeal joint psoriatic arthritis).
What cutaneous lesion on the penis is characteristic of Sexually Acquired Reactive Arthritis (SARA)?,Circinate balanitis (painless vesicles on the coronal margin and glans penis that rupture to form superficial ring-like erosions).
What skin manifestation on the palms and soles is pathognomonic for Reactive Arthritis?,"Keratoderma blennorrhagica (waxy, yellow-brown vesico-papules with desquamating margins that coalesce into crusty plaques)."
What is the classic clinical triad associated with Reactive Arthritis?,"1. Asymmetrical inflammatory arthritis
2. Sterile urethritis or cervicitis
3. Conjunctivitis or anterior uveitis"
"What type of microcrystals precipitate within joints in Gout, triggering acute monoarthritis?",Monosodium urate (MSU) crystals.
"List the three primary differential diagnoses that MUST be considered when evaluating an acute, hot, swollen single joint.","1. Septic arthritis
2. Acute gouty arthritis
3. Acute pseudogout (Calcium Pyrophosphate Dihydrate [CPPD] deposition)"
What diagnostic investigation is MANDATORY to rule out septic arthritis and confirm a crystal-induced arthropathy?,"Joint aspiration (synovial fluid analysis for cell count, Gram stain, culture & sensitivity, and polarized light microscopy for crystal identification)."
How do gout crystals and pseudogout crystals differ under polarized light microscopy?,"Gout crystals are needle-shaped with strong negative birefringence, whereas pseudogout (CPPD) crystals are rhomboid-shaped with weak positive birefringence."
Why can a patient presenting with an acute attack of gout have a completely normal serum uric acid level?,Serum urate levels fall during acute inflammation because elevated renal excretion of urate occurs as part of the systemic acute-phase response.
What systemic inflammatory markers and blood cell abnormalities typically accompany an acute gout flare?,"Elevated Erythrocyte Sedimentation Rate (ESR), elevated C-Reactive Protein (CRP), and peripheral neutrophilia."
"Besides serum uric acid and renal function tests, what metabolic profile screening is recommended in gout patients?","Fasting blood glucose and lipid profile, due to the strong association between gout and Metabolic Syndrome."
What is the oral drug of first choice for managing an acute attack of gouty arthritis?,Oral Colchicine.
What is the standard dosing regimen for oral colchicine in treating an acute gout attack?,$0.5\text{ mg}$ administered two to three times daily.
What is the mechanism of action of colchicine in treating acute gout?,"Colchicine inhibits microtubule assembly in neutrophils, thereby preventing neutrophil chemotaxis, activation, and inflammatory mediator release."
What are the most common adverse effects of colchicine therapy?,"Gastrointestinal symptoms: nausea, vomiting, abdominal cramps, and diarrhea."
Which comorbidities limit or restrict the use of oral NSAIDs in acute gout attacks?,"Coexisting cardiovascular disease, cerebrovascular disease, or chronic kidney disease (CKD)."
Which targeted biological inhibitor can be used in acute gout flares when standard anti-inflammatory therapies are ineffective or contraindicated?,Canakinumab (an $IL-1\beta$ monoclonal antibody inhibitor).
How do radiographic plain X-ray findings differ between acute gouty arthritis and chronic tophaceous gout?,"Plain X-rays are usually normal in acute gout (showing only soft tissue swelling), whereas chronic tophaceous gout demonstrates well-demarcated punched-out joint erosions with overhanging sclerotic margins ('Lulworth Cove' erosions)."
In the foot radiograph shown below: X-ray of foot showing punched-out erosions with destructive arthritis at the first MTP joint Name the characteristic joint erosion pattern indicated by the arrows at the first metatarsophalangeal joint.,Punched-out ('Lulworth Cove') periarticular erosions with overhanging sclerotic margins in chronic tophaceous gout.
"What neurological manifestation of Acute Rheumatic Fever causes non-repetitive, involuntary, purposeless movements of proximal limbs?",Sydenham Chorea.
What is the gender distribution ratio for Sydenham Chorea in patients with Acute Rheumatic Fever?,It is three times more common in females.
What are the clinical characteristics and body distribution of Erythema Marginatum in Acute Rheumatic Fever?,"An erythematous, serpiginous, macular rash with pale centers predominantly involving the trunk and proximal limbs in a 'bathing suit distribution'."
"Where do subcutaneous nodules in Acute Rheumatic Fever typically form, and what are their physical characteristics?","They form over extensor surfaces of tendons near bony prominences; they are pea-sized, firm, non-tender nodules appearing $> 3$ weeks after streptococcal infection."
"In synovial joint anatomy: Anatomical cross-section diagram of a synovial joint showing bone, cartilage, synovium, bursa, and tendon Which primary anatomical structure undergoes inflammatory pannus formation in Rheumatoid Arthritis versus enthesitis in Seronegative Spondyloarthritis?","The synovium (synovial membrane) is the primary target site in Rheumatoid Arthritis, whereas the enthesis (insertion of tendon/ligament into bone) is the primary target site in Spondyloarthritis."