"According to the WHO, what is the hemoglobin (Hb) threshold for diagnosing anemia in men aged $\ge 15$ years?",$< 13$ g/dL
What is the WHO hemoglobin (Hb) threshold for diagnosing anemia in non-pregnant women aged $\ge 15$ years?,$< 12$ g/dL
"According to the WHO, what hemoglobin (Hb) level defines anemia in pregnant women?",$< 11$ g/dL
What is the normal range for Mean Cell Volume ($MCV$)?,76–96 fL (or up to 100 fL depending on reference)
How is anemia morphologically classified if the $MCV$ is less than 76 fL?,Hypochromic microcytic anemia
How is anemia classified if the $MCV$ is greater than 100 fL?,Macrocytic anemia
List four examples of hypochromic microcytic anemia.,"Iron Deficiency Anemia (IDA), Thalassemia, Sideroblastic anemia, and Anemia of chronic disease."
What morphological type of anemia is typically associated with liver disease or megaloblastic processes?,Macrocytic anemia
What are the common non-specific symptoms of anemia?,"Fatigue, tiredness, lassitude, and weakness."
What cardiovascular symptoms may present in a patient with anemia?,"Palpitations, angina, and dyspnoea on exertion (DOE)."
Which physical sign involving the nails is characteristic of Iron Deficiency Anemia?,Koilonychia (spoon-shaped nails).
What specific oral physical signs are associated with Iron Deficiency Anemia?,Atrophic glossitis (smooth tongue) and angular cheilosis/stomatitis.
What rare syndrome consists of Iron Deficiency Anemia and a post-cricoid web?,Plummer-Vinson Syndrome
"In Iron Deficiency Anemia, how do $MCV$ and $MCH$ typically change?",Both $MCV$ and $MCH$ are decreased.
What is the best single laboratory test to confirm iron deficiency?,Serum ferritin
How does Total Iron Binding Capacity (TIBC) change in Iron Deficiency Anemia?,It increases.
Under what conditions can serum ferritin be falsely raised despite low iron stores?,Liver disease and acute phase response (inflammation).
What lab test can distinguish iron deficiency from anemia of chronic disease when an acute phase response is present?,Soluble plasma transferrin receptor level (which increases in iron deficiency).
What are the primary causes of increased iron demand leading to IDA?,"Pregnancy, rapid growth in infancy/adolescence, and erythropoietin therapy."
List three common causes of chronic iron loss in adults.,"Menses, chronic blood loss (e.g., piles, peptic ulcers), and GI malignancies."
What are the indications for parenteral (IV) iron therapy?,"Malabsorption syndromes (e.g., sprue, Crohn's disease) or intolerance to oral iron."
Which specific population in Myanmar is noted as having a higher risk factor for Thalassemia?,The Kayin race.
What is the typical clinical presentation of $\beta$-thalassemia minor (trait)?,Usually asymptomatic carrier state with mild anemia ($Hb > 90$ g/L).
What $HbA_2$ level is diagnostic for $\beta$-thalassemia trait?,$> 3.5\%$
At what age do symptoms of $\beta$-thalassemia major (Transfusion Dependent Thalassemia) typically appear?,After the first 4 months of life (as fetal hemoglobin $HbF$ levels drop).
What skeletal changes are collectively known as 'Thalassemic facies'?,"Frontal bossing, prominent malar bones, depressed nasal bridge, and hypertrophy of the mandible."
Why do patients with chronic hemolysis often develop hyperpigmentation of the skin?,Due to iron deposition (hemosiderosis) from repeated transfusions and hemolysis.
What characteristic red blood cell morphology is seen on a blood film in Thalassemia?,Target cells
Which laboratory investigation is used to identify and quantify $HbF$ and $HbA_2$ levels?,Hemoglobin (Hb) electrophoresis
How does the reticulocyte count typically change in hemolytic anemia?,It increases (reticulocytosis).
What are the three cardinal symptoms of hemolytic anemia?,"Anemia, jaundice, and dark urine (high urobilinogen)."
Which enzyme is used as a serum indicator of active hemolysis?,Lactate dehydrogenase (LDH).
What happens to serum haptoglobin levels during active hemolysis?,They decrease.
What does a positive Coombs test indicate in a patient with normocytic anemia?,Acquired Autoimmune Hemolytic Anemia (AIHA).
Give an example of an inherited red cell membrane defect causing extravascular hemolysis.,Hereditary spherocytosis
Which condition is an example of an inherited red cell enzyme defect causing hemolysis?,G6PD deficiency
What is the typical $MCV$ finding in Megaloblastic Anemia?,High ($MCV > 100$ fL).
What finding on a peripheral blood film is highly suggestive of B12 or folate deficiency?,Hypersegmented neutrophils
How is leukemia generally defined?,A group of cancers beginning in the bone marrow resulting in high numbers of abnormal white blood cells (blasts).
What morphological feature distinguishes AML from ALL on a bone marrow biopsy?,Auer rods (crystals of coalesced granules found in myeloblasts).
What are the three morphological subtypes of Acute Lymphoblastic Leukemia (ALL) in the FAB system?,"L1 (small blasts), L2 (larger blasts), and L3 (vacuolated basophilic cytoplasm)."
What chromosomal translocation creates the Philadelphia chromosome ($Ph$)?,$t(9;22)$
The Philadelphia chromosome is present in more than $80\%$ of cases of which leukemia?,Chronic Myeloid Leukemia (CML).
What characteristic cell type is seen on the blood film of a patient with Chronic Lymphocytic Leukemia (CLL)?,Smear cells (fragile lymphocytes damaged during preparation).
"In the Rai staging of CLL, what defines Stage 0?",Lymphocytosis alone (median survival $> 13$ years).
"In the Rai staging of CLL, what defines Stage IV?",Lymphocytosis plus thrombocytopenia (platelets $< 100 \times 10^9/L$).
List three factors associated with a poor prognosis in ALL.,"Adult age, male gender, and Philadelphia chromosome positivity."
A white blood cell count greater than what level at presentation is a poor prognostic sign in ALL?,$> 100 \times 10^9/L$
Which AML subtype is associated with a good risk/prognosis and the $t(15;17)$ translocation?,Acute Promyelocytic Leukemia
What is the target hemoglobin range in a 'high regime' transfusion program for Thalassemia?,8–10 g/dL
What is the target hemoglobin range for patients with Chronic Kidney Disease (CKD)?,11–12 g/dL
A patient with anemia and a history of gastric surgery is at high risk for which deficiency?,Vitamin B12 deficiency
What are the recognized causes of generalized lymphadenopathy?,"HIV infection, SLE, Non-Hodgkin lymphoma, and primary syphilis."
A 60-year-old patient with iron deficiency anemia and no obvious cause must be investigated with what procedures?,Upper and lower GI endoscopy (to exclude malignancy).
Which autoimmune condition is diagnosed using antibodies to endomysium and tissue transglutaminase?,Coeliac disease
Which HLA alleles are most commonly associated with Coeliac disease?,HLA-DQ2 (90–95%) and HLA-DQ8 (8%).
"A patient presents with a hemoglobin of 6 g/dL, microcytic hypochromic anemia, and bleeding piles. What is the most likely diagnosis?",Iron Deficiency Anemia (IDA)
"In a patient with bleeding time of 10 minutes and APTT of 41 seconds, what is the most likely diagnosis?",Von Willebrand’s disease
Anemia associated with renal failure is primarily caused by a deficiency in which hormone?,Erythropoietin
Which test is performed on a lumbar puncture to check for central nervous system involvement in ALL?,Cytology to look for characteristic blast cells.
"In the context of hematological malignancy, what does 'leucopenia' increase a patient's risk for?",Infection
What clinical triad is associated with hemolytic anemia and the breakdown of red cells?,"Anemia, jaundice, and splenomegaly."
What is the definition of thrombocytopenia according to the Rai staging criteria for CLL?,Platelet count $< 100 \times 10^9/L$.
What dietary habit common in Myanmar can inhibit iron absorption?,"Consuming tannic acid (e.g., pickled tea leaves)."
Why is genetic counseling essential in the management of Thalassemia?,Because it is an inherited (autosomal recessive) disorder with high carrier rates in certain populations.
How does chronic hemolysis lead to the formation of gallstones?,Excess bilirubin from red cell breakdown leads to pigment stones.
What is the primary treatment for severe iron-deficiency anemia in elderly patients with cardiovascular instability?,Red cell transfusion
How is anemia in Polycystic Kidney Disease typically different from other renal failure?,It is often less severe or absent.
What is the significance of hypersegmented neutrophils in a blood film?,They are a diagnostic marker for megaloblastic anemia (B12 or folate deficiency).
Which morphological type of anemia is caused by Bone Marrow hypoplasia?,Normochromic normocytic anemia
Define 'dimorphic' blood film.,"A blood film showing two distinct populations of red blood cells (e.g., microcytic and normocytic)."
"In the investigation of anemia, what is the next step if the reticulocyte count is high?",Assess for bleeding or hemolysis.
Which inherited enzyme defect is a common cause of drug-induced hemolysis?,G6PD deficiency
What does a high Singer test or Kleihauer test detect?,The presence of Fetal Hemoglobin ($HbF$).
Name the condition characterized by uncontrolled clonal proliferation of myeloid cells and the Philadelphia chromosome.,Chronic Myeloid Leukemia (CML)
Which leukemia involves 'blasts' that are not fully developed white blood cells?,Acute Leukemia (ALL or AML).
What is the target hemoglobin for the 'Super regime' in Thalassemia management?,10–12 g/dL
Which symptom of anemia involves a strange craving for non-food items like clay or ice?,Pica (specifically associated with IDA).
What investigation is used to confirm marrow involvement if peripheral blood blasts are few in AML?,Bone marrow biopsy
How does pregnancy affect the target hemoglobin level for anemia diagnosis?,The threshold is lower ($< 11$ g/dL) due to physiological plasma expansion.