What is the clinical triad defining Nephrotic Syndrome?,"Proteinuria ($> 3$ g/24h), hypoalbuminaemia ($< 30$ g/L), and generalized oedema."
Which clinical features characterize Acute Nephritic Syndrome?,"Haematuria (with red-cell casts), hypertension, oliguria, and varying degrees of proteinuria and oedema."
What is the typical latency period for Post-streptococcal glomerulonephritis (PSGN) after infection?,1–3 weeks.
Which specific pathogen is responsible for Post-streptococcal glomerulonephritis?,Group A $\beta$-haemolytic streptococcus.
"In IgA Nephropathy, how long after a respiratory tract infection does haematuria typically present?",1–3 days.
How is Rapidly Progressive Glomerulonephritis (RPGN) defined pathologically?,The presence of crescentic lesions in the glomeruli on renal biopsy.
Which two conditions are the most typical causes of Rapidly Progressive Glomerulonephritis (RPGN)?,Goodpasture’s disease and small-vessel vasculitis.
What is the primary target of injury in the pathophysiology of Nephrotic Syndrome?,The podocytes.
Minimal Change Disease (MCD) is the most common cause of Nephrotic Syndrome in which population?,Children.
What are the characteristic findings of Minimal Change Disease on electron microscopy?,Effacement or fusion of podocyte foot processes.
Why are patients with severe Nephrotic Syndrome at high risk for thromboembolism?,Urinary loss of anticoagulant proteins such as antithrombin.
Why does Nephrotic Syndrome lead to an increased susceptibility to infection?,Urinary loss of immunoglobulins.
What is the classic clinical triad of Acute Interstitial Nephritis (AIN)?,"Skin rashes, arthralgia, and fever."
Which two classes of drugs are classically associated with the development of Acute Interstitial Nephritis?,Penicillins (antibiotics) and NSAIDs (anti-inflammatories).
What is the hallmark histological finding on a renal biopsy for Acute Interstitial Nephritis?,Interstitial cellular infiltrates (eosinophilic interstitial nephritis).
What is the standard treatment for drug-induced Acute Interstitial Nephritis?,Withdrawal of the offending drug.
"In the 'Spectrum of Glomerular Diseases' diagram, which condition spans the entire range from asymptomatic haematuria to RPGN?",IgA Nephropathy.
Which condition is the most common primary cause of Nephrotic Syndrome in adults?,Membranous Nephropathy.
What is the specific auto-antibody target in Anti-glomerular basement membrane (anti-GBM) disease?,Type IV collagen in glomerular and alveolar basement membranes.
Which extra-renal symptom is present in 50–90% of patients with anti-GBM disease?,Pulmonary haemorrhage (shortness of breath and haemoptysis).
How does reduced capillary colloid oncotic pressure contribute to generalized oedema in Nephrotic Syndrome?,"Heavy proteinuria leads to hypoalbuminaemia, lowering oncotic pressure and causing fluid to leak into the interstitium."
What is the role of ACE inhibitors (ACEi) or ARBs in the general management of Nephrotic Syndrome?,To reduce the degree of proteinuria.
Which histological pattern is associated with 'subepithelial deposits' or 'spikes' in adults?,Membranous Nephropathy.
HIV infection and heroin misuse are secondary causes associated with which glomerular disease?,Focal Segmental Glomerulosclerosis (FSGS).
Which paraneoplastic association is linked specifically to Minimal Change Disease?,Hodgkin's lymphoma.
"According to the sources, what distinguishes Membranoproliferative Glomerulonephritis (MPGN) into different types?",The presence of either immunoglobulin deposition or complement (C3) components.
What is the typical proteinuria threshold for the clinical definition of Nephrotic Syndrome in 24 hours?,$> 3.5$ g (or $> 3$ g per the provided source notes).
What is the primary histological finding of Post-streptococcal GN on renal biopsy?,"Diffuse, florid, acute inflammation in the glomerulus with neutrophils and deposition of IgG/complement."
Why might a patient with Nephrotic Syndrome show an incidentally low serum caeruloplasmin level?,It is a protein-deficiency state caused by massive urinary protein loss.
What are the three components of management for Post-streptococcal GN?,"Antibiotics (if evidence of infection), blood pressure control, and diuretics/salt restriction for oedema."
Which demographic factors in IgA Nephropathy suggest a worse prognosis?,"Male gender, increased blood pressure, raised creatinine, and significant proteinuria."
What is the standard first-line treatment for Minimal Change Disease?,Prednisolone ($1$ mg/kg for 4–16 weeks).
What are the three components of the treatment triad for Anti-GBM disease?,"Plasma exchange, corticosteroids, and cyclophosphamide."
Which systemic diseases are explicitly listed as causes of Acute Nephritic Syndrome?,Wegener's granulomatosis (small-vessel vasculitis) and SLE (Lupus).
"In Nephrotic Syndrome, how does the kidney respond to reduced circulatory volume?",By retaining renal sodium and water.
Which primary glomerulonephritis presents with segmented scars in some glomeruli but no acute inflammation?,Focal Segmental Glomerulosclerosis (FSGS).
What defines C3 Glomerulopathy?,"A genetic or acquired defect in the alternative complement pathway (e.g., C3 nephritic factor)."
Membranous nephropathy is secondary to which infections?,"Hepatitis B, Hepatitis C, malaria, and schistosomiasis."
What blood laboratory finding is common in both the peripheral blood and urine of AIN patients?,Eosinophilia (in blood) and eosinophiluria (in urine).
What is 'Crescent formation' an indicator of on a renal biopsy?,Severe inflammation leading to cell damage and rapid loss of renal function (RPGN).
What is the characteristic light microscopy finding in Minimal Change Disease?,The glomeruli appear normal.
Which glomerular disease is characterized by a diffusely thickened glomerular basement membrane (GBM)?,Membranous Nephropathy.
"What are 'Kerley B lines' on a chest X-ray indicative of in a renal context (e.g., fluid overload)?",Interstitial oedema.
How does Membranous Nephropathy typically progress in about $25\%$ of cases?,Spontaneous remission.
Which nephritic condition is characterized by linear deposition of anti-GBM antibodies on biopsy?,Anti-glomerular basement membrane (anti-GBM) disease.
What is the 'Alveolar oedema' pattern often called on a chest X-ray?,'Bat's wings'.
What are the main causes of mortality in patients with severe Nephrotic Syndrome?,Thromboembolism and infection.
"In the context of glomerular disease, what does 'haematuria with red-cell casts' signify?",Glomerular inflammation (Nephritic Syndrome).
Which glomerular disease is commonly associated with morbid obesity?,Focal Segmental Glomerulosclerosis (FSGS).
What distinguishes the 'Complement type' of Mesangiocapillary GN?,Dense deposit disease and abnormal activation of the alternative complement pathway.