What is the typical microscopic appearance of $Vibrio cholerae$ in stool samples?,"Gram-negative, comma-shaped bacilli."
"In cholera diagnosis, what specific movement is observed during stool dark-field microscopy?",‘Shooting star’ (or darting) motility.
Which diagnostic preparation of fresh stool is used to observe the 'darting motility' of $V. cholerae$?,Hanging drop preparation on dark ground microscopy.
What are the classic physical characteristics of 'rice-water' cholera stool?,Gray watery appearance with floating mucus.
"Under international health regulations (IHR), cholera is classified as a _____ disease.",Notifiable
What is the first-line intravenous fluid used for prompt replacement of water and electrolytes in cholera patients?,IV Ringer’s lactate.
"Once a cholera patient is rehydrated and vomiting stops, what is the recommended hourly oral fluid intake limit?",$500$ mL.
How does early intervention with ORS containing resistant starch (rice or cereal-based) affect cholera prognosis?,It shortens the duration of diarrhoea and improves prognosis.
"In cases of severe cholera, what is the purpose of using a 'cholera cot' with a graded bucket?",To maintain an accurate intake-output chart of fluid loss.
What are the clinical signs of severe dehydration in a cholera patient indicating the need for IV replacement?,"Altered consciousness, skin tenting, dry tongue, decreased pulses, and low blood pressure."
What is the recommended dose and duration for PO Tetracycline in cholera management?,$250$ mg four times daily (QID) for $3$ days.
What is the standard single dose of PO Doxycycline for treating cholera?,$300$ mg once daily (OD).
What is the single-dose treatment of PO Ciprofloxacin for cholera?,$1$ g.
The presence of motile trophozoites containing RBCs in a stool sample is a sign of _____.,Erythrophagocytosis (Amoebic Dysentery)
Which diagnostic procedure reveals 'flask-shaped' ulcers in the colon of a patient with amoebiasis?,Sigmoidoscopy.
What are the typical clinical findings on a Full Blood Count (FBC) and Chest X-ray (CXR) for a suspected amoebic liver abscess?,Neutrophil leucocytosis on FBC and a raised right hemidiaphragm on CXR.
What is the characteristic visual appearance of aspirated pus from an amoebic liver abscess?,Chocolate-brown (anchovy sauce) appearance.
Amoebic liver abscess is definitively confirmed using which imaging modality?,Ultrasonic scanning.
How does the sensitivity of the Immunofluorescence Ab technique for amoebiasis differ between hepatic and dysenteric forms?,It is positive in over $95\%$ of hepatic cases but only about $60\%$ of dysenteric cases.
What is the first-line pharmacological treatment for intestinal and early hepatic amoebiasis?,PO Metronidazole ($800$ mg TDS for $5$–$10$ days).
What is the dose and duration for PO Tinidazole or Ornidazole in treating amoebiasis?,$2$ g once daily (OD) for $3$ days.
Which drug is used specifically to eliminate luminal cysts after acute treatment of amoebiasis?,Diloxanide furoate (or paromomycin).
Under what condition is immediate surgical drainage or aspiration required for an amoebic liver abscess?,"If the abscess ruptures into the pleural cavity, pericardial sac, or peritoneal cavity."
What are the four main groups of organisms that cause Bacillary Dysentery (Shigellosis)?,"$Sh. dysenteriae$, $flexneri$, $boydii$, and $sonnei$."
How many organisms are typically required to cause a $Shigella$ infection?,A low infecting dose of around $10$ organisms.
What are the '5 Fs' responsible for the spread of Bacillary Dysentery?,"Flies, Food, Fingers, Feces, and Fluids (Fomites)."
Which anatomical structure do the Gram-negative rods of $Shigella$ primarily invade?,The colonic mucosa.
What is the standard treatment regimen for uncomplicated $Plasmodium falciparum$ malaria?,Artemisinin-based combination therapy (ACT) for $3$ days plus a single dose of Primaquine ($0.25$ mg/kg).
"Which drugs are used to treat malaria caused by $P. vivax$, $P. malariae$, and $P. ovale$?",Chloroquine and Primaquine.
What is the duration of Primaquine treatment required to prevent relapse in $P. vivax$ and $P. ovale$ infections?,$14$ days.
Term: Hypnozoite,Definition: The dormant liver stage of $Plasmodium vivax$ and $Plasmodium ovale$.
Which class of drugs is effective against the liver dormant stages (hypnozoites) of malaria?,"8-aminoquinolines (e.g., Primaquine, Tafenoquine)."
"For mixed malaria infections, what is the standard treatment protocol?",ACT for $3$ days plus Primaquine for $14$ days.
"In Dengue Hemorrhagic Fever (DHF), a rise in Hematocrit (HCT) of $\ge 20\%$ indicates _____.",Plasma leakage
What are the clinical signs of plasma leakage in severe dengue?,"Pleural effusion, ascites, and hypoproteinemia."
Dengue Shock Syndrome (DSS) is defined as the four criteria for DHF plus evidence of _____.,Circulatory failure.
What constitutes a 'narrow pulse pressure' in the context of Dengue Shock Syndrome?,$20$ mmHg or less.
What are the characteristic skin and mental state findings in Dengue Shock Syndrome?,"Cold, clammy skin and restlessness."
How should fluid management be adjusted for a dengue patient without warning signs whose oral intake is inadequate?,Add IV fluid so that the sum of oral and IV intake equals maintenance levels.
What laboratory parameters must be monitored in the critical phase of dengue infection?,"Hematocrit (Hct), white blood cell count, and platelet count."
What is the most likely cause of pyrexia of unknown origin (PUO) in children and younger adults?,"Infectious causes, particularly viral infections."
"In older adults, how do the likely causes of PUO differ from younger populations?",They are equally likely to have infectious and non-infectious causes.
What is the approximate percentage of PUO cases attributed to infections?,$30\%$.
List three examples of viral infections that are common causes of PUO.,"HIV-1, Cytomegalovirus (CMV), and Epstein-Barr virus (EBV)."
Which regional infectious causes of PUO are associated with South-east Asia?,$Burkholderia pseudomallei$ (Melioidosis) and Dengue.
What infectious causes of PUO are associated with recent travel to Africa?,"Malaria, enteric fevers, and Trypanosoma brucei."
Nosocomial infections that may present as PUO include pneumonia and infections related to _____.,Prosthetic materials or surgical procedures.
Why is Tropical Sprue considered likely to be infective in origin?,Because it occurs in epidemics and patients improve on antibiotics.
What is the non-antibiotic component of treatment for Tropical Sprue?,Folic acid ($5$ mg daily).
"What is the antibiotic of choice for Tropical Sprue, and how long may treatment last?",Tetracycline ($1$ g daily) for up to $6$ months.
What is the preferred treatment for small bowel bacterial overgrowth ('blind loop syndrome')?,Tetracycline ($250$ mg $6$-hourly for $7$ days).
Name two alternative antibiotics for the management of small bowel bacterial overgrowth.,Metronidazole ($400$ mg $8$-hourly) or Ciprofloxacin ($250$ mg $12$-hourly).
What is the diagnostic significance of 'Kerley B lines' on a chest X-ray in a medical context?,They indicate interstitial oedema.
"In the 'vicious circle' of heart failure, neurohumoral activation leads to vasoconstriction and _____.",Sodium and water retention.
"Which system, activated in heart failure, involves renin, angiotensin, and aldosterone?",The Renin-Angiotensin System (RAS).
What is the effect of ACE inhibitors on cardiac preload and afterload?,They reduce both preload and afterload.
Which class of drugs is contraindicated in patients with severe asthma or COPD in heart failure management?,Beta-blockers.
What electrolyte imbalance is a common complication of heart failure or its treatment?,"Hypokalaemia, hyperkalaemia, or hyponatraemia."
"In pneumonia management, when should the first dose of antibiotics ideally be administered?",Within $1$ hour of identifying high-risk criteria.
When should parenteral antibiotics be switched to oral therapy in a pneumonia patient?,Once the temperature has settled for $24$ hours (if no contraindications).
Which parasitic infection is suspected if a patient has a liver abscess and serum Ab are positive via immunofluorescence?,Hepatic amoebiasis.
How is the diagnosis of $V. cholerae$ confirmed in a laboratory?,By rectal swab or stool cultures.
What is the primary goal of managing small bowel bacterial overgrowth?,Addressing the underlying cause.
What are the 'warning signs' that should be monitored in a patient with dengue?,"Abdominal pain, persistent vomiting, fluid accumulation, mucosal bleed, lethargy, and liver enlargement."
"In the treatment of amoebiasis, what alternative drug can be used if metronidazole is not preferred?",PO Nitazoxanide ($500$ mg BD for $3$ days).
What common symptom of RVF involves fluid accumulation in the abdomen?,Ascites.
Which malaria species requires a single stat dose of Primaquine in addition to ACT?,$Plasmodium falciparum$.
Which diagnostic test for malaria targets the identification of gametocyte stages?,Blood films (implied by the lifecycle stages listed).
High-output heart failure can be caused by which nutritional deficiency?,Beriberi (Thiamine deficiency).
What is the clinical definition of Systolic Heart Failure regarding Ejection Fraction (EF)?,EF is less than $40\%$.
A heart failure patient with EF greater than $50\%$ is typically classified as having _____.,Diastolic failure
What are the three main determinants of Cardiac Output?,"Preload, Afterload, and Myocardial contractility."
Paroxysmal nocturnal dyspnoea (PND) is a symptom characteristic of which type of heart failure?,Left Ventricular Failure (LVF).
Which physical sign is characteristic of Right Ventricular Failure (RVF)?,Peripheral oedema (pitting oedema) or raised JVP.
Which drug is specifically used to control heart rate in patients with heart failure and atrial fibrillation?,Digoxin.
What side effect of ACE inhibitors often leads to the substitution with an ARB?,Dry cough.
Which heart failure medication improves long-term outcomes in severe systolic dysfunction but acts primarily as a diuretic?,"Mineralocorticoid receptor antagonists (e.g., spironolactone)."
How should beta-blockers be introduced to a patient with chronic heart failure?,Start with a low dose and gradually increase the dose.
List three poor prognostic features in heart failure patients.,"Worse NYHA class, higher BNP levels, and hyponatraemia."
What is the 5-year survival rate for patients diagnosed with heart failure?,$50\%$ to $75\%$ (based on a $25$-$50\%$ death rate).